SET SQL_MODE = "NO_AUTO_VALUE_ON_ZERO";
START TRANSACTION;
SET time_zone = "+00:00";

/*!40101 SET @OLD_CHARACTER_SET_CLIENT=@@CHARACTER_SET_CLIENT */;
/*!40101 SET @OLD_CHARACTER_SET_RESULTS=@@CHARACTER_SET_RESULTS */;
/*!40101 SET @OLD_COLLATION_CONNECTION=@@COLLATION_CONNECTION */;
/*!40101 SET NAMES utf8mb4 */;

--
-- Base de datos: `sigesaf`
--
CREATE DATABASE IF NOT EXISTS `sigesaf` DEFAULT CHARACTER SET utf8mb4 COLLATE utf8mb4_general_ci;
USE `sigesaf`;

-- --------------------------------------------------------

--
-- Estructura de tabla para la tabla `computadoras`
--

DROP TABLE IF EXISTS `computadoras`;
CREATE TABLE `computadoras` (
  `id` int(11) NOT NULL,
  `id_local` int(11) NOT NULL,
  `id_pc` int(11) NOT NULL,
  `id_monitor` int(11) DEFAULT NULL,
  `id_teclado` int(11) DEFAULT NULL,
  `id_mouse` int(11) DEFAULT NULL,
  `id_speaker` int(11) DEFAULT NULL,
  `id_ups` int(11) DEFAULT NULL,
  `nombre` varchar(50) DEFAULT NULL
) ENGINE=InnoDB DEFAULT CHARSET=utf8mb4;

--
-- Truncar tablas antes de insertar `computadoras`
--

TRUNCATE TABLE `computadoras`;
-- --------------------------------------------------------

--
-- Estructura de tabla para la tabla `equipos`
--

DROP TABLE IF EXISTS `equipos`;
CREATE TABLE `equipos` (
  `id` int(11) NOT NULL,
  `id_local` int(11) NOT NULL,
  `no_inv` int(11) NOT NULL,
  `observaciones` varchar(255) DEFAULT NULL,
  `sello` int(11) DEFAULT NULL,
  `id_marca` int(11) NOT NULL,
  `id_tipo` int(11) NOT NULL,
  `id_estado` int(11) NOT NULL
) ENGINE=InnoDB DEFAULT CHARSET=utf8mb4;

--
-- Truncar tablas antes de insertar `equipos`
--

TRUNCATE TABLE `equipos`;
--
-- Volcado de datos para la tabla `equipos`
--

INSERT INTO `equipos` (`id`, `id_local`, `no_inv`, `observaciones`, `sello`, `id_marca`, `id_tipo`, `id_estado`) VALUES
(12, 32, 2213, NULL, NULL, 13, 8, 3),
(13, 32, 2227, NULL, NULL, 13, 8, 3),
(14, 32, 2229, NULL, NULL, 13, 8, 3),
(15, 5, 2225, NULL, NULL, 13, 8, 3),
(16, 32, 2215, NULL, NULL, 13, 8, 3),
(17, 32, 2216, NULL, NULL, 13, 8, 3),
(18, 32, 2218, NULL, NULL, 13, 8, 3),
(19, 32, 2220, NULL, NULL, 13, 8, 3),
(20, 32, 2222, NULL, NULL, 13, 8, 3),
(21, 32, 2103, NULL, NULL, 13, 8, 3),
(22, 32, 8152, NULL, NULL, 15, 16, 2),
(23, 32, 8139, NULL, NULL, 15, 16, 2),
(24, 32, 8160, NULL, NULL, 15, 16, 2),
(25, 32, 8137, NULL, NULL, 15, 16, 2),
(26, 32, 8151, NULL, NULL, 15, 16, 2),
(27, 32, 8167, NULL, NULL, 15, 16, 2),
(28, 32, 8169, NULL, NULL, 15, 16, 2),
(29, 32, 8131, NULL, NULL, 15, 16, 2),
(30, 32, 8117, NULL, NULL, 15, 16, 2),
(31, 32, 8124, NULL, NULL, 15, 16, 2),
(32, 6, 2183, NULL, NULL, 13, 8, 3),
(33, 6, 2186, NULL, NULL, 13, 8, 3),
(34, 6, 2188, NULL, NULL, 13, 8, 3),
(35, 6, 2189, NULL, NULL, 13, 8, 3),
(36, 6, 2192, NULL, NULL, 13, 8, 3),
(37, 5, 2199, NULL, NULL, 13, 8, 3),
(38, 5, 2197, NULL, NULL, 13, 8, 3),
(39, 5, 2200, NULL, NULL, 13, 8, 3),
(40, 5, 2201, NULL, NULL, 13, 8, 2),
(41, 5, 2210, NULL, NULL, 13, 8, 2),
(42, 5, 2211, NULL, NULL, 13, 8, 2),
(43, 5, 2209, NULL, NULL, 13, 8, 3),
(44, 5, 2203, NULL, NULL, 13, 8, 3),
(45, 5, 2205, NULL, NULL, 13, 8, 3),
(46, 5, 2202, NULL, NULL, 13, 8, 3),
(47, 5, 2208, NULL, NULL, 13, 8, 3),
(48, 5, 2212, NULL, NULL, 13, 8, 3),
(49, 5, 2207, NULL, NULL, 13, 8, 2),
(50, 5, 2206, NULL, NULL, 13, 8, 3),
(51, 5, 2214, NULL, NULL, 13, 8, 3),
(52, 5, 2223, NULL, NULL, 13, 8, 2),
(53, 5, 2226, NULL, NULL, 13, 8, 3),
(54, 19, 2219, NULL, NULL, 13, 8, 3),
(55, 6, 2193, 'Entregado a los Pintores por Arturo', NULL, 13, 8, 3),
(56, 20, 2221, NULL, NULL, 13, 8, 3),
(57, 21, 2224, NULL, NULL, 13, 8, 3),
(58, 33, 8766, NULL, NULL, 1, 2, 2),
(59, 33, 9784, NULL, NULL, 1, 4, 2),
(60, 33, 8257, NULL, NULL, 1, 1, 3),
(61, 33, 8826, NULL, NULL, 1, 18, 2),
(62, 33, 8703, NULL, NULL, 1, 3, 2),
(63, 33, 9534, NULL, NULL, 1, 7, 2),
(64, 34, 2127, NULL, NULL, 13, 9, 3),
(65, 34, 2150, NULL, NULL, 1, 4, 3),
(66, 34, 2156, NULL, NULL, 1, 4, 3),
(67, 34, 2152, NULL, NULL, 1, 12, 3),
(68, 34, 2153, NULL, NULL, 1, 13, 3),
(69, 34, 2149, NULL, NULL, 1, 11, 3),
(70, 34, 2128, NULL, NULL, 1, 11, 3),
(71, 34, 2155, NULL, NULL, 1, 14, 3),
(72, 34, 2129, NULL, NULL, 13, 15, 3),
(73, 34, 2130, NULL, NULL, 13, 15, 3),
(74, 34, 2131, NULL, NULL, 13, 15, 3),
(75, 34, 2132, NULL, NULL, 13, 15, 3),
(76, 34, 2133, NULL, NULL, 13, 15, 3),
(77, 34, 2134, NULL, NULL, 13, 15, 3),
(78, 34, 2135, NULL, NULL, 13, 15, 3),
(79, 34, 2136, NULL, NULL, 13, 15, 3),
(80, 34, 2137, NULL, NULL, 13, 15, 3),
(81, 34, 2138, NULL, NULL, 13, 15, 3),
(82, 34, 2139, NULL, NULL, 13, 15, 3),
(83, 34, 2140, NULL, NULL, 13, 15, 3),
(84, 34, 2141, NULL, NULL, 13, 15, 3),
(85, 34, 2142, NULL, NULL, 13, 15, 3),
(86, 34, 2143, NULL, NULL, 13, 15, 3),
(87, 34, 2144, NULL, NULL, 13, 15, 3),
(88, 34, 2145, NULL, NULL, 13, 15, 3),
(89, 34, 2146, NULL, NULL, 13, 15, 3),
(90, 34, 2147, NULL, NULL, 13, 15, 3),
(91, 34, 2148, NULL, NULL, 13, 15, 3),
(92, 34, 2151, NULL, NULL, 1, 3, 3),
(93, 34, 2157, NULL, NULL, 1, 3, 3),
(94, 34, 2154, NULL, NULL, 1, 17, 3),
(95, 34, 2126, NULL, NULL, 1, 19, 3),
(96, 36, 2018, NULL, NULL, 1, 2, 3),
(97, 36, 2019, NULL, NULL, 1, 4, 3),
(98, 36, 2020, NULL, NULL, 1, 1, 3),
(99, 36, 2017, NULL, NULL, 1, 3, 3),
(100, 37, 7026, NULL, NULL, 1, 2, 3),
(101, 37, 7031, NULL, NULL, 1, 2, 3),
(102, 37, 9728, NULL, NULL, 1, 2, 3),
(103, 37, 8754, NULL, NULL, 1, 2, 3),
(104, 37, 2123, NULL, NULL, 1, 2, 3),
(105, 37, 31875, NULL, NULL, 1, 4, 3),
(106, 37, 7028, NULL, NULL, 1, 4, 3),
(107, 37, 7033, NULL, NULL, 1, 4, 1),
(108, 37, 7414, NULL, NULL, 1, 4, 1),
(109, 37, 245229, NULL, NULL, 1, 4, 1),
(110, 37, 8718, NULL, NULL, 1, 4, 3),
(111, 37, 2029, NULL, NULL, 1, 4, 3),
(112, 37, 7029, NULL, NULL, 1, 1, 3),
(113, 37, 7034, NULL, NULL, 1, 1, 3),
(114, 37, 7423, NULL, NULL, 1, 1, 3),
(115, 37, 8695, NULL, NULL, 1, 1, 3),
(116, 37, 8605, NULL, NULL, 1, 1, 3),
(117, 37, 7030, NULL, NULL, 1, 18, 1),
(118, 37, 7035, NULL, NULL, 1, 18, 1),
(119, 37, 7417, NULL, NULL, 1, 18, 1),
(120, 37, 9299, NULL, NULL, 1, 18, 1),
(121, 37, 31870, NULL, NULL, 1, 1, 3),
(122, 37, 2062, NULL, NULL, 1, 3, 3),
(123, 37, 2063, NULL, NULL, 1, 3, 3),
(124, 37, 2030, NULL, NULL, 1, 3, 3),
(125, 37, 2061, NULL, NULL, 1, 3, 3),
(126, 37, 31872, NULL, NULL, 1, 3, 3),
(127, 37, 7027, NULL, NULL, 1, 3, 3),
(128, 37, 31985, NULL, NULL, 1, 7, 2),
(129, 37, 7420, NULL, NULL, 1, 7, 2),
(130, 37, 31870, NULL, NULL, 1, 18, 1),
(131, 37, 9475, NULL, NULL, 1, 7, 2),
(132, 37, 9566, NULL, NULL, 1, 7, 2),
(133, 37, 2234, NULL, NULL, 1, 7, 3),
(134, 37, 2235, NULL, NULL, 1, 7, 3),
(135, 37, 31748, NULL, NULL, 1, 18, 1),
(136, 37, 31748, NULL, NULL, 1, 7, 2),
(137, 37, 8380, NULL, NULL, 1, 7, 2),
(138, 31, 8755, 'Dp F.Tec ipi ', NULL, 1, 2, 2),
(139, 46, 7869, 'Tec. Educ .Cambiado para Operación 14 Baja', NULL, 1, 4, 1),
(140, 9, 31862, NULL, NULL, 1, 1, 3),
(141, 9, 7342, 'Cambiado para Operación 14 Baja', NULL, 1, 18, 1),
(142, 9, 8628, NULL, NULL, 1, 3, 3),
(143, 31, 9529, 'Dp F.Tec ipi ', NULL, 1, 7, 2),
(144, 18, 31723, NULL, NULL, 1, 2, 2),
(145, 18, 31760, 'Operación 14', NULL, 1, 4, 1),
(146, 18, 8417, NULL, NULL, 1, 1, 3),
(147, 18, 31743, NULL, NULL, 1, 18, 1),
(148, 18, 31742, NULL, NULL, 1, 3, 1),
(149, 18, 9462, NULL, NULL, 1, 7, 2),
(150, 8, 245182, NULL, NULL, 1, 2, 2),
(151, 8, 8436, NULL, NULL, 1, 4, 2),
(152, 8, 31754, NULL, NULL, 1, 1, 3),
(153, 8, 31754, NULL, NULL, 1, 18, 2),
(154, 8, 31754, NULL, NULL, 1, 7, 2),
(155, 8, 8791, NULL, NULL, 1, 3, 2),
(156, 16, 31881, NULL, NULL, 1, 2, 3),
(157, 16, 8499, NULL, NULL, 1, 4, 3),
(158, 16, 8768, NULL, NULL, 1, 1, 3),
(159, 16, 31753, NULL, NULL, 1, 18, 3),
(160, 16, 8966, NULL, NULL, 1, 3, 3),
(161, 16, 7444, NULL, NULL, 1, 7, 2),
(162, 29, 31697, 'Estaba con mov en el Lab5', NULL, 1, 1, 3),
(163, 29, 31680, NULL, NULL, 1, 2, 2),
(164, 29, 31711, NULL, NULL, 1, 4, 3),
(165, 29, 31690, NULL, NULL, 1, 3, 3),
(166, 29, 31697, NULL, NULL, 1, 18, 2),
(167, 29, 31697, NULL, NULL, 1, 7, 2),
(168, 39, 8590, NULL, NULL, 1, 2, 3),
(169, 39, 8638, NULL, NULL, 1, 4, 2),
(170, 39, 2032, NULL, NULL, 1, 1, 3),
(171, 40, 31701, NULL, NULL, 1, 1, 3),
(172, 39, 8652, NULL, NULL, 1, 18, 3),
(173, 39, 8635, NULL, NULL, 1, 3, 2),
(174, 39, 9468, NULL, NULL, 1, 7, 2),
(175, 40, 31675, NULL, NULL, 1, 2, 2),
(176, 40, 31715, NULL, NULL, 1, 4, 2),
(177, 40, 31682, NULL, NULL, 1, 3, 2),
(178, 19, 2266, NULL, NULL, 12, 1, 3),
(179, 40, 31701, NULL, NULL, 1, 18, 2),
(180, 40, 31701, NULL, NULL, 1, 7, 2),
(181, 32, 8119, NULL, NULL, 15, 16, 2),
(182, 32, 8123, NULL, NULL, 15, 16, 2),
(183, 32, 8142, NULL, NULL, 15, 16, 2),
(184, 17, 2102, 'Villa', NULL, 13, 8, 3),
(185, 17, 2217, 'Transp', NULL, 13, 8, 3),
(186, 17, 2230, 'Hosp', NULL, 13, 8, 3),
(187, 32, 8125, NULL, NULL, 15, 16, 2),
(188, 32, 8129, NULL, NULL, 15, 16, 2),
(189, 32, 8157, NULL, NULL, 15, 16, 2),
(190, 32, 8159, NULL, NULL, 15, 16, 2),
(191, 32, 8154, NULL, NULL, 15, 16, 2),
(192, 32, 8153, NULL, NULL, 15, 16, 2),
(193, 32, 8145, NULL, NULL, 15, 16, 2),
(194, 32, 8133, NULL, NULL, 15, 16, 2),
(195, 32, 8141, NULL, NULL, 15, 16, 2),
(196, 32, 8155, NULL, NULL, 15, 16, 2),
(197, 32, 8135, NULL, NULL, 15, 16, 2),
(198, 32, 8165, NULL, NULL, 15, 16, 2),
(199, 32, 931, NULL, NULL, 8, 16, 2),
(200, 32, 643, NULL, NULL, 8, 16, 2),
(201, 32, 577, NULL, NULL, 8, 16, 2),
(202, 32, 578, NULL, NULL, 8, 16, 2),
(203, 32, 605, NULL, NULL, 8, 16, 2),
(204, 32, 622, NULL, NULL, 8, 16, 2),
(205, 32, 576, NULL, NULL, 8, 16, 2),
(206, 32, 2089, NULL, NULL, 22, 16, 2),
(207, 32, 2084, NULL, NULL, 22, 16, 2),
(208, 32, 2172, NULL, NULL, 22, 16, 2),
(209, 32, 2169, NULL, NULL, 22, 16, 2),
(210, 6, 607, 'Enviad a reparar', NULL, 8, 16, 2),
(211, 15, 255, NULL, NULL, 8, 16, 3),
(212, 6, 2096, 'Enviad a reparar', NULL, 22, 16, 2),
(213, 6, 2170, 'Enviad a reparar', NULL, 22, 16, 2),
(214, 6, 2171, 'Enviad a reparar', NULL, 22, 16, 2),
(215, 22, 557, 'Enviad a reparar', NULL, 15, 16, 2),
(216, 6, 488, NULL, NULL, 8, 16, 3),
(217, 5, 583, NULL, NULL, 8, 16, 3),
(218, 6, 609, NULL, NULL, 8, 16, 3),
(219, 6, 254, NULL, NULL, 8, 16, 3),
(220, 5, 591, NULL, NULL, 8, 16, 3),
(221, 32, 592, 'Dictaminado IPVCE', NULL, 8, 16, 1),
(222, 32, 593, 'Dictaminado IPVCE', NULL, 8, 16, 1),
(223, 7, 2179, NULL, NULL, 13, 8, 3),
(224, 7, 2184, NULL, NULL, 13, 8, 3),
(225, 7, 2185, NULL, NULL, 13, 8, 3),
(226, 7, 2187, NULL, NULL, 13, 8, 3),
(227, 14, 2180, NULL, NULL, 13, 8, 3),
(228, 15, 2181, NULL, NULL, 13, 8, 3),
(229, 6, 2194, NULL, NULL, 13, 8, 3),
(230, 6, 2228, NULL, NULL, 13, 8, 3),
(231, 6, 2195, NULL, NULL, 13, 8, 3),
(232, 6, 2190, NULL, NULL, 13, 8, 3),
(233, 22, 2182, NULL, NULL, 13, 8, 3),
(234, 6, 2191, NULL, NULL, 13, 8, 3),
(235, 24, 2196, NULL, NULL, 13, 8, 3),
(236, 6, 290, NULL, NULL, 8, 16, 3),
(237, 6, 610, NULL, NULL, 8, 16, 3),
(238, 6, 426, NULL, NULL, 8, 16, 2),
(239, 17, 612, NULL, NULL, 8, 16, 3),
(240, 5, 613, NULL, NULL, 8, 16, 3),
(241, 7, 619, 'Enviad a reparar', NULL, 8, 16, 2),
(242, 6, 574, NULL, NULL, 8, 16, 3),
(243, 6, 589, NULL, NULL, 8, 16, 3),
(244, 19, 664, NULL, NULL, 8, 16, 3),
(245, 7, 666, NULL, NULL, 8, 16, 3),
(246, 32, 759, 'Dictaminado IPVCE', NULL, 8, 16, 1),
(247, 5, 760, NULL, NULL, 8, 16, 3),
(248, 14, 964, NULL, NULL, 8, 16, 2),
(249, 7, 997, NULL, NULL, 15, 16, 3),
(250, 17, 2015, 'Perdida Covid', NULL, 22, 16, 1),
(251, 5, 2077, NULL, NULL, 22, 16, 3),
(252, 5, 2078, 'Reparada', NULL, 22, 16, 2),
(253, 5, 2079, NULL, NULL, 22, 16, 3),
(254, 5, 2080, NULL, NULL, 22, 16, 3),
(255, 5, 2081, 'Perdida Covid', NULL, 22, 16, 1),
(256, 5, 2082, NULL, NULL, 22, 16, 3),
(257, 5, 2083, NULL, NULL, 22, 16, 3),
(258, 5, 2085, NULL, NULL, 22, 16, 3),
(259, 5, 2086, NULL, NULL, 22, 16, 3),
(260, 5, 2087, NULL, NULL, 22, 16, 3),
(261, 5, 2088, NULL, NULL, 22, 16, 3),
(262, 6, 590, NULL, NULL, 8, 16, 3),
(263, 24, 642, NULL, NULL, 8, 16, 3),
(264, 6, 646, NULL, NULL, 8, 16, 3),
(265, 7, 2093, NULL, NULL, 22, 16, 3),
(266, 7, 2094, NULL, NULL, 22, 16, 3),
(267, 7, 2095, NULL, NULL, 22, 16, 3),
(268, 6, 2090, NULL, NULL, 22, 16, 3),
(269, 17, 2104, NULL, NULL, 22, 16, 3),
(270, 17, 2105, NULL, NULL, 22, 16, 3),
(271, 7, 2166, 'Enviad a reparar', NULL, 22, 16, 2),
(272, 5, 2167, NULL, NULL, 22, 16, 3),
(273, 5, 2168, 'Enviad a reparar', NULL, 22, 16, 2),
(274, 6, 2091, NULL, NULL, 22, 16, 3),
(275, 6, 2092, NULL, NULL, 22, 16, 3),
(276, 5, 2173, NULL, NULL, 22, 16, 3),
(277, 5, 2174, NULL, NULL, 22, 16, 2),
(278, 5, 2175, NULL, NULL, 22, 16, 3),
(279, 5, 8116, NULL, NULL, 15, 16, 3),
(280, 5, 31670, NULL, NULL, 1, 2, 2),
(281, 5, 31712, NULL, NULL, 1, 4, 2),
(282, 5, 31683, NULL, NULL, 1, 3, 2),
(283, 19, 2268, NULL, NULL, 12, 1, 3),
(284, 5, 31694, NULL, NULL, 1, 18, 2),
(285, 5, 31694, NULL, NULL, 1, 7, 2),
(286, 32, 8118, 'Dictaminado IPVCE', NULL, 15, 16, 1),
(287, 19, 5945, NULL, NULL, 8, 2, 2),
(288, 19, 6053, 'Verificar donde esta prestado', NULL, 8, 2, 2),
(289, 19, 6049, NULL, NULL, 8, 2, 2),
(290, 19, 6050, NULL, NULL, 8, 2, 2),
(291, 19, 6052, NULL, NULL, 8, 2, 2),
(292, 19, 6057, NULL, NULL, 8, 2, 3),
(293, 19, 2276, NULL, NULL, 3, 2, 3),
(294, 19, 2277, NULL, NULL, 3, 2, 3),
(295, 19, 2278, NULL, NULL, 3, 2, 3),
(296, 19, 2279, NULL, NULL, 3, 2, 3),
(297, 19, 2280, NULL, NULL, 3, 2, 3),
(298, 19, 2281, NULL, NULL, 3, 2, 3),
(299, 19, 2282, NULL, NULL, 3, 2, 3),
(300, 19, 2283, NULL, NULL, 3, 2, 3),
(301, 19, 2284, NULL, NULL, 3, 2, 3),
(302, 19, 5978, NULL, NULL, 19, 4, 3),
(303, 19, 6082, NULL, NULL, 19, 4, 3),
(304, 19, 6083, NULL, NULL, 19, 4, 3),
(305, 19, 6085, NULL, NULL, 19, 4, 3),
(306, 19, 6086, NULL, NULL, 19, 4, 3),
(307, 19, 6090, NULL, NULL, 19, 4, 3),
(308, 19, 2256, NULL, NULL, 4, 4, 3),
(309, 19, 2257, NULL, NULL, 4, 4, 3),
(310, 19, 2258, NULL, NULL, 4, 4, 3),
(311, 19, 2259, NULL, NULL, 4, 4, 3),
(312, 19, 2260, NULL, NULL, 4, 4, 3),
(313, 19, 2261, NULL, NULL, 4, 4, 3),
(314, 19, 2262, NULL, NULL, 4, 4, 3),
(315, 19, 2263, NULL, NULL, 4, 4, 3),
(316, 19, 2264, NULL, NULL, 4, 4, 3),
(317, 19, 2269, NULL, NULL, 12, 1, 3),
(318, 19, 2270, NULL, NULL, 12, 1, 3),
(319, 19, 2271, NULL, NULL, 12, 1, 3),
(320, 19, 2272, NULL, NULL, 12, 1, 3),
(321, 19, 2273, NULL, NULL, 12, 1, 3),
(322, 19, 2274, NULL, NULL, 12, 1, 3),
(323, 19, 2267, NULL, NULL, 12, 1, 3),
(324, 19, 2275, NULL, NULL, 12, 1, 3),
(325, 14, 2302, NULL, NULL, 7, 1, 3),
(326, 14, 2305, NULL, NULL, 7, 1, 3),
(327, 14, 31695, 'Reinstall', NULL, 1, 1, 3),
(328, 14, 2303, NULL, NULL, 7, 1, 3),
(329, 14, 2304, NULL, NULL, 7, 1, 3),
(330, 15, 8214, NULL, NULL, 1, 1, 3),
(331, 19, 5989, NULL, NULL, 19, 18, 2),
(332, 19, 6093, NULL, NULL, 19, 18, 2),
(333, 19, 6095, NULL, NULL, 19, 18, 2),
(334, 19, 6096, NULL, NULL, 19, 18, 2),
(335, 19, 6099, NULL, NULL, 19, 18, 2),
(336, 19, 6101, NULL, NULL, 19, 18, 3),
(337, 19, 2236, NULL, NULL, 16, 18, 3),
(338, 19, 2237, NULL, NULL, 16, 18, 3),
(339, 19, 2238, NULL, NULL, 16, 18, 3),
(340, 19, 2239, NULL, NULL, 16, 18, 3),
(341, 19, 2240, NULL, NULL, 16, 18, 3),
(342, 19, 2241, NULL, NULL, 16, 18, 3),
(343, 19, 2242, NULL, NULL, 16, 18, 3),
(344, 19, 2243, NULL, NULL, 16, 18, 3),
(345, 19, 2244, NULL, NULL, 16, 18, 3),
(346, 19, 22, NULL, NULL, 1, 14, 3),
(347, 19, 5967, NULL, NULL, 19, 3, 3),
(348, 19, 6071, NULL, NULL, 19, 3, 3),
(349, 19, 6072, NULL, NULL, 19, 3, 3),
(350, 19, 6074, NULL, NULL, 19, 3, 3),
(351, 19, 6075, NULL, NULL, 19, 3, 3),
(352, 19, 6079, NULL, NULL, 19, 3, 3),
(353, 19, 2246, NULL, NULL, 4, 3, 3),
(354, 19, 2247, NULL, NULL, 4, 3, 3),
(355, 19, 2248, NULL, NULL, 4, 3, 3),
(356, 19, 2249, NULL, NULL, 4, 3, 3),
(357, 19, 2250, NULL, NULL, 4, 3, 3),
(358, 19, 2251, NULL, NULL, 4, 3, 3),
(359, 19, 2252, NULL, NULL, 4, 3, 3),
(360, 19, 2253, NULL, NULL, 4, 3, 3),
(361, 19, 2254, NULL, NULL, 4, 3, 3),
(362, 5, 8121, NULL, NULL, 15, 16, 3),
(363, 19, 9464, NULL, NULL, 9, 7, 2),
(364, 19, 9473, NULL, NULL, 9, 7, 2),
(365, 19, 9509, NULL, NULL, 9, 7, 2),
(366, 19, 9574, NULL, NULL, 9, 7, 2),
(367, 19, 9577, NULL, NULL, 9, 7, 2),
(368, 19, 9586, NULL, NULL, 9, 7, 2),
(369, 19, 9588, NULL, NULL, 9, 7, 2),
(370, 19, 9589, NULL, NULL, 9, 7, 2),
(371, 19, 9600, NULL, NULL, 9, 7, 2),
(372, 19, 9605, NULL, NULL, 9, 7, 2),
(373, 19, 9616, NULL, NULL, 9, 7, 2),
(374, 19, 9524, NULL, NULL, 1, 7, 2),
(375, 19, 245217, NULL, NULL, 1, 7, 2),
(376, 19, 2285, NULL, NULL, 3, 2, 3),
(377, 19, 2265, NULL, NULL, 4, 4, 3),
(378, 15, 31814, NULL, NULL, 14, 1, 3),
(379, 15, 31750, NULL, NULL, 1, 1, 3),
(380, 19, 2245, NULL, NULL, 16, 18, 3),
(381, 19, 2255, NULL, NULL, 4, 3, 3),
(382, 24, 6106, NULL, NULL, 8, 2, 3),
(383, 24, 6108, NULL, NULL, 8, 2, 3),
(384, 24, 6135, NULL, NULL, 19, 4, 3),
(385, 32, 8122, 'Dictaminado IPVCE', NULL, 15, 16, 1),
(386, 24, 6051, NULL, NULL, 8, 2, 3),
(387, 24, 6048, NULL, NULL, 8, 2, 3),
(388, 24, 6054, NULL, NULL, 8, 2, 3),
(389, 24, 6056, NULL, NULL, 8, 2, 3),
(390, 24, 6081, NULL, NULL, 19, 4, 3),
(391, 24, 6084, NULL, NULL, 19, 4, 3),
(392, 24, 6087, NULL, NULL, 19, 4, 3),
(393, 24, 6089, NULL, NULL, 19, 4, 3),
(394, 15, 7793, NULL, NULL, 1, 1, 3),
(395, 15, 8210, NULL, NULL, 11, 1, 3),
(396, 15, 8418, NULL, NULL, 11, 1, 3),
(397, 15, 8619, NULL, NULL, 14, 1, 3),
(398, 24, 6092, NULL, NULL, 19, 18, 2),
(399, 24, 6094, NULL, NULL, 19, 18, 2),
(400, 24, 6097, NULL, NULL, 19, 18, 2),
(401, 24, 6100, NULL, NULL, 19, 18, 2),
(402, 24, 6070, NULL, NULL, 19, 3, 3),
(403, 24, 6073, NULL, NULL, 19, 3, 3),
(404, 24, 6076, NULL, NULL, 19, 3, 3),
(405, 24, 6078, NULL, NULL, 19, 3, 3),
(406, 24, 6102, NULL, NULL, 8, 2, 3),
(407, 24, 6103, NULL, NULL, 8, 2, 3),
(408, 24, 6104, NULL, NULL, 8, 2, 3),
(409, 24, 6105, NULL, NULL, 8, 2, 3),
(410, 24, 6107, NULL, NULL, 8, 2, 3),
(411, 24, 6109, NULL, NULL, 8, 2, 3),
(412, 24, 6110, NULL, NULL, 8, 2, 3),
(413, 24, 6111, NULL, NULL, 8, 2, 3),
(414, 24, 6112, NULL, NULL, 8, 2, 3),
(415, 24, 6136, NULL, NULL, 19, 4, 3),
(416, 24, 6137, NULL, NULL, 19, 4, 3),
(417, 24, 6138, NULL, NULL, 19, 4, 3),
(418, 24, 6139, NULL, NULL, 19, 4, 3),
(419, 24, 6140, NULL, NULL, 19, 4, 3),
(420, 24, 6141, NULL, NULL, 19, 4, 3),
(421, 24, 6142, NULL, NULL, 19, 4, 3),
(422, 24, 6143, NULL, NULL, 19, 4, 3),
(423, 24, 6144, NULL, NULL, 19, 4, 3),
(424, 24, 6145, NULL, NULL, 19, 4, 3),
(425, 15, 8684, NULL, NULL, 14, 1, 3),
(426, 15, 9006, NULL, NULL, 1, 1, 3),
(427, 15, 9246, NULL, NULL, 14, 1, 3),
(428, 22, 245183, NULL, NULL, 14, 1, 3),
(429, 22, 31749, 'Enviad a reparar', NULL, 10, 1, 2),
(430, 22, 7304, NULL, NULL, 14, 1, 3),
(431, 22, 7316, NULL, NULL, 14, 1, 3),
(432, 22, 8344, NULL, NULL, 14, 1, 3),
(433, 22, 8351, NULL, NULL, 14, 1, 3),
(434, 22, 8420, NULL, NULL, 14, 1, 3),
(435, 22, 9008, NULL, NULL, 14, 1, 3),
(436, 24, 6146, NULL, NULL, 19, 18, 2),
(437, 24, 6147, NULL, NULL, 19, 18, 2),
(438, 24, 6148, NULL, NULL, 19, 18, 2),
(439, 24, 6149, NULL, NULL, 19, 18, 2),
(440, 24, 6150, NULL, NULL, 19, 18, 2),
(441, 24, 6151, NULL, NULL, 19, 18, 2),
(442, 24, 6152, NULL, NULL, 19, 18, 2),
(443, 24, 6153, NULL, NULL, 19, 18, 3),
(444, 24, 6154, NULL, NULL, 19, 18, 2),
(445, 24, 6155, NULL, NULL, 19, 18, 2),
(446, 24, 6156, NULL, NULL, 19, 18, 2),
(447, 24, 7889, NULL, NULL, 1, 14, 3),
(448, 24, 6124, NULL, NULL, 19, 3, 3),
(449, 24, 6125, NULL, NULL, 19, 3, 3),
(450, 24, 6126, NULL, NULL, 19, 3, 3),
(451, 24, 6127, NULL, NULL, 19, 3, 3),
(452, 24, 6128, NULL, NULL, 19, 3, 3),
(453, 24, 6129, NULL, NULL, 19, 3, 3),
(454, 24, 6130, NULL, NULL, 19, 3, 3),
(455, 24, 6131, NULL, NULL, 19, 3, 3),
(456, 24, 6132, NULL, NULL, 19, 3, 3),
(457, 24, 6133, NULL, NULL, 19, 3, 3),
(458, 24, 6134, NULL, NULL, 19, 3, 3),
(459, 32, 8126, 'Dictaminado IPVCE', NULL, 15, 16, 1),
(460, 24, 9392, NULL, NULL, 1, 7, 2),
(461, 24, 9394, NULL, NULL, 1, 7, 2),
(462, 24, 9469, NULL, NULL, 1, 7, 2),
(463, 24, 9474, NULL, NULL, 1, 7, 2),
(464, 24, 9487, NULL, NULL, 1, 7, 2),
(465, 24, 9490, NULL, NULL, 1, 7, 2),
(466, 24, 9493, NULL, NULL, 1, 7, 2),
(467, 24, 9503, NULL, NULL, 1, 7, 2),
(468, 24, 9510, NULL, NULL, 1, 7, 2),
(469, 24, 9514, NULL, NULL, 1, 7, 2),
(470, 24, 9546, NULL, NULL, 1, 7, 2),
(471, 24, 9626, NULL, NULL, 1, 7, 2),
(472, 32, 8127, 'Dictaminado IPVCE', NULL, 15, 16, 1),
(473, 20, 7903, NULL, NULL, 8, 2, 3),
(474, 20, 7905, NULL, NULL, 8, 2, 3),
(475, 20, 7906, 'Raya Negra', NULL, 8, 2, 3),
(476, 20, 7907, 'Cuadrado blanco ', NULL, 8, 2, 3),
(477, 20, 7911, NULL, NULL, 8, 2, 3),
(478, 20, 8014, NULL, NULL, 8, 2, 3),
(479, 20, 8015, NULL, NULL, 8, 2, 3),
(480, 20, 8016, NULL, NULL, 8, 2, 3),
(481, 20, 8018, NULL, NULL, 8, 2, 3),
(482, 20, 8019, 'No se ve nada', NULL, 8, 2, 3),
(483, 20, 8020, NULL, NULL, 8, 2, 3),
(484, 20, 8021, 'Tiene Raya', NULL, 8, 2, 3),
(485, 20, 8022, 'Tiene Raya', NULL, 8, 2, 3),
(486, 20, 8023, NULL, NULL, 8, 2, 3),
(487, 20, 7939, NULL, NULL, 19, 4, 3),
(488, 20, 7940, NULL, NULL, 19, 4, 3),
(489, 20, 7941, NULL, NULL, 19, 4, 3),
(490, 20, 7945, NULL, NULL, 19, 4, 3),
(491, 20, 7947, NULL, NULL, 19, 4, 3),
(492, 20, 8047, NULL, NULL, 19, 4, 3),
(493, 20, 8048, NULL, NULL, 19, 4, 3),
(494, 20, 8049, NULL, NULL, 19, 4, 3),
(495, 20, 8051, NULL, NULL, 19, 4, 3),
(496, 20, 8052, NULL, NULL, 19, 4, 3),
(497, 20, 8053, NULL, NULL, 19, 4, 3),
(498, 20, 8054, NULL, NULL, 19, 4, 3),
(499, 20, 8055, NULL, NULL, 19, 4, 3),
(500, 20, 8056, NULL, NULL, 19, 4, 3),
(501, 22, 9259, NULL, NULL, 1, 1, 3),
(502, 22, 31912, NULL, NULL, 1, 1, 3),
(503, 42, 31753, NULL, NULL, 1, 1, 3),
(504, 42, 8178, NULL, NULL, 1, 1, 3),
(505, 42, 8422, NULL, NULL, 1, 1, 3),
(506, 42, 8609, NULL, NULL, 1, 1, 3),
(507, 42, 8612, NULL, NULL, 1, 1, 3),
(508, 42, 8774, NULL, NULL, 1, 1, 3),
(509, 42, 9018, NULL, NULL, 1, 1, 3),
(510, 42, 245209, NULL, NULL, 1, 1, 3),
(511, 42, 8773, NULL, NULL, 1, 1, 3),
(512, 4, 31700, NULL, NULL, 1, 1, 3),
(513, 27, 8487, NULL, NULL, 1, 1, 3),
(514, 20, 7948, NULL, NULL, 19, 18, 3),
(515, 20, 7950, NULL, NULL, 19, 18, 3),
(516, 20, 7951, NULL, NULL, 19, 18, 2),
(517, 20, 7952, NULL, NULL, 19, 18, 2),
(518, 20, 7956, NULL, NULL, 19, 18, 3),
(519, 20, 8058, NULL, NULL, 19, 18, 3),
(520, 20, 8061, NULL, NULL, 19, 18, 3),
(521, 20, 8062, NULL, NULL, 19, 18, 3),
(522, 20, 8063, NULL, NULL, 19, 18, 3),
(523, 20, 8064, NULL, NULL, 19, 18, 3),
(524, 20, 8065, NULL, NULL, 19, 18, 3),
(525, 20, 8066, NULL, NULL, 19, 18, 3),
(526, 20, 8067, NULL, NULL, 19, 18, 2),
(527, 20, 8068, NULL, NULL, 19, 18, 3),
(528, 20, 7887, NULL, NULL, 1, 14, 3),
(529, 20, 7926, NULL, NULL, 19, 3, 3),
(530, 20, 7927, NULL, NULL, 19, 3, 3),
(531, 20, 7930, NULL, NULL, 19, 3, 3),
(532, 20, 7934, NULL, NULL, 19, 3, 3),
(533, 20, 7935, NULL, NULL, 19, 3, 3),
(534, 20, 8036, NULL, NULL, 19, 3, 3),
(535, 20, 8037, NULL, NULL, 19, 3, 3),
(536, 20, 8038, NULL, NULL, 19, 3, 3),
(537, 20, 8040, NULL, NULL, 19, 3, 3),
(538, 20, 8041, NULL, NULL, 19, 3, 3),
(539, 20, 8042, NULL, NULL, 19, 3, 3),
(540, 20, 8043, NULL, NULL, 19, 3, 3),
(541, 20, 8044, NULL, NULL, 19, 3, 3),
(542, 20, 8045, NULL, NULL, 19, 3, 3),
(543, 32, 8128, 'Dictaminado IPVCE', NULL, 15, 16, 1),
(544, 20, 8101, NULL, NULL, 1, 7, 2),
(545, 20, 9370, NULL, NULL, 1, 7, 2),
(546, 21, 31750, NULL, NULL, 1, 7, 2),
(547, 21, 6055, NULL, NULL, 8, 2, 3),
(548, 21, 6047, NULL, NULL, 8, 2, 3),
(549, 21, 6080, NULL, NULL, 19, 4, 3),
(550, 21, 6088, NULL, NULL, 19, 4, 3),
(551, 30, 31704, NULL, NULL, 1, 1, 3),
(552, 49, 9823, NULL, NULL, 1, 1, 3),
(553, 21, 6091, NULL, NULL, 19, 18, 3),
(554, 21, 6098, NULL, NULL, 19, 18, 3),
(555, 21, 6069, NULL, NULL, 19, 3, 3),
(556, 21, 6077, NULL, NULL, 19, 3, 3),
(557, 32, 8130, 'Dictaminado IPVCE', NULL, 15, 16, 1),
(558, 21, 5886, NULL, NULL, 8, 2, 3),
(559, 21, 5890, NULL, NULL, 8, 2, 3),
(560, 21, 5992, NULL, NULL, 8, 2, 3),
(561, 21, 5993, NULL, NULL, 8, 2, 3),
(562, 21, 5994, NULL, NULL, 8, 2, 3),
(563, 21, 5995, NULL, NULL, 8, 2, 3),
(564, 21, 5996, NULL, NULL, 8, 2, 3),
(565, 21, 5997, NULL, NULL, 8, 2, 3),
(566, 21, 5998, NULL, NULL, 8, 2, 3),
(567, 21, 5999, NULL, NULL, 8, 2, 3),
(568, 21, 6000, NULL, NULL, 8, 2, 3),
(569, 21, 6001, NULL, NULL, 8, 2, 3),
(570, 21, 6002, NULL, NULL, 8, 2, 3),
(571, 21, 5919, NULL, NULL, 19, 4, 3),
(572, 21, 5923, NULL, NULL, 19, 4, 3),
(573, 21, 6025, NULL, NULL, 19, 4, 3),
(574, 21, 6026, NULL, NULL, 19, 4, 3),
(575, 21, 6027, NULL, NULL, 19, 4, 3),
(576, 21, 6028, NULL, NULL, 19, 4, 3),
(577, 21, 6029, NULL, NULL, 19, 4, 3),
(578, 21, 6030, NULL, NULL, 19, 4, 3),
(579, 21, 6031, NULL, NULL, 19, 4, 3),
(580, 21, 6032, NULL, NULL, 19, 4, 3),
(581, 21, 6033, NULL, NULL, 19, 4, 3),
(582, 21, 6034, NULL, NULL, 19, 4, 3),
(583, 21, 6035, NULL, NULL, 19, 4, 3),
(584, 49, 8281, NULL, NULL, 1, 1, 3),
(585, 28, 31812, NULL, NULL, 1, 1, 3),
(586, 44, 7425, NULL, NULL, 1, 1, 3),
(587, 44, 2024, 'Subdirector', NULL, 1, 1, 3),
(588, 30, 2098, 'Leticia-yumar', NULL, 18, 1, 3),
(589, 19, 6058, 'Poner Sistema', NULL, 18, 11, 3),
(590, 24, 6113, NULL, NULL, 18, 11, 3),
(591, 21, 6003, NULL, NULL, 18, 11, 3),
(592, 45, 7970, 'Movimiento del Lab de Prof', NULL, 1, 11, 3),
(593, 45, 8025, NULL, NULL, 1, 11, 3),
(594, 45, 7139, NULL, NULL, 1, 11, 3),
(595, 9, 7150, 'Movimiento del Nodo', NULL, 1, 11, 3),
(596, 45, 8691, NULL, NULL, 1, 11, 3),
(597, 21, 5930, NULL, NULL, 19, 18, 3),
(598, 21, 5934, NULL, NULL, 19, 18, 3),
(599, 21, 6036, NULL, NULL, 19, 18, 2),
(600, 21, 6037, NULL, NULL, 19, 18, 3),
(601, 21, 6038, NULL, NULL, 19, 18, 3),
(602, 21, 6039, NULL, NULL, 19, 18, 3),
(603, 21, 6040, NULL, NULL, 19, 18, 3),
(604, 21, 6041, NULL, NULL, 19, 18, 3),
(605, 21, 6042, NULL, NULL, 19, 18, 3),
(606, 21, 6043, NULL, NULL, 19, 18, 3),
(607, 21, 6044, NULL, NULL, 19, 18, 3),
(608, 21, 6045, NULL, NULL, 19, 18, 3),
(609, 21, 6046, NULL, NULL, 19, 18, 3),
(610, 21, 7888, NULL, NULL, 1, 14, 3),
(611, 21, 5908, NULL, NULL, 19, 3, 3),
(612, 21, 5912, NULL, NULL, 19, 3, 3),
(613, 21, 6014, NULL, NULL, 19, 3, 3),
(614, 21, 6015, NULL, NULL, 19, 3, 3),
(615, 21, 6016, NULL, NULL, 19, 3, 3),
(616, 21, 6017, NULL, NULL, 19, 3, 3),
(617, 21, 6018, NULL, NULL, 19, 3, 3),
(618, 21, 6019, NULL, NULL, 19, 3, 3),
(619, 21, 6020, NULL, NULL, 19, 3, 3),
(620, 21, 6021, NULL, NULL, 19, 3, 3),
(621, 21, 6022, NULL, NULL, 19, 3, 3),
(622, 21, 6023, NULL, NULL, 19, 3, 3),
(623, 21, 6024, NULL, NULL, 19, 3, 3),
(624, 5, 8134, NULL, NULL, 15, 16, 3),
(625, 21, 9383, NULL, NULL, 1, 7, 2),
(626, 21, 9458, NULL, NULL, 1, 7, 2),
(627, 21, 9478, NULL, NULL, 1, 7, 2),
(628, 21, 9499, NULL, NULL, 1, 7, 2),
(629, 21, 9582, NULL, NULL, 1, 7, 2),
(630, 21, 9591, NULL, NULL, 1, 7, 2),
(631, 21, 9597, NULL, NULL, 1, 7, 2),
(632, 21, 9599, NULL, NULL, 1, 7, 2),
(633, 21, 9622, NULL, NULL, 1, 7, 2),
(634, 21, 9624, NULL, NULL, 1, 7, 2),
(635, 21, 9633, NULL, NULL, 1, 7, 2),
(636, 21, 9636, NULL, NULL, 1, 7, 2),
(637, 21, 9637, NULL, NULL, 1, 7, 2),
(638, 14, 7968, NULL, NULL, 8, 2, 3),
(639, 14, 7966, 'Falta ver con Yerza', NULL, 8, 2, 3),
(640, 14, 2286, NULL, NULL, 8, 2, 3),
(641, 14, 2287, NULL, NULL, 8, 2, 3),
(642, 14, 7960, NULL, NULL, 8, 2, 3),
(643, 14, 7963, NULL, NULL, 8, 2, 3),
(644, 14, 2289, NULL, NULL, 8, 2, 3),
(645, 14, 7967, NULL, NULL, 8, 2, 3),
(646, 14, 7992, NULL, NULL, 19, 4, 3),
(647, 14, 7996, NULL, NULL, 19, 4, 3),
(648, 14, 8002, NULL, NULL, 19, 4, 3),
(649, 14, 2299, NULL, NULL, 4, 4, 3),
(650, 14, 7995, NULL, NULL, 19, 4, 3),
(651, 14, 2300, NULL, NULL, 4, 4, 3),
(652, 4, 8000, NULL, NULL, 19, 4, 3),
(653, 45, 7914, NULL, NULL, 1, 11, 3),
(654, 5, 8136, NULL, NULL, 15, 16, 3),
(655, 14, 7959, NULL, NULL, 8, 2, 3),
(656, 14, 7961, NULL, NULL, 8, 2, 3),
(657, 14, 7962, NULL, NULL, 8, 2, 3),
(658, 24, 6060, NULL, NULL, 18, 10, 3),
(659, 14, 7964, 'Raya Negra ver', NULL, 8, 2, 3),
(660, 14, 7965, NULL, NULL, 8, 2, 2),
(661, 24, 6066, NULL, NULL, 18, 10, 2),
(662, 14, 7969, NULL, NULL, 8, 2, 3),
(663, 14, 7993, NULL, NULL, 19, 4, 3),
(664, 14, 7994, NULL, NULL, 19, 4, 3),
(665, 24, 6115, NULL, NULL, 18, 10, 2),
(666, 14, 7997, NULL, NULL, 19, 4, 3),
(667, 14, 7998, NULL, NULL, 19, 4, 3),
(668, 14, 7999, NULL, NULL, 19, 4, 3),
(669, 24, 6116, NULL, NULL, 18, 10, 3),
(670, 14, 8001, NULL, NULL, 19, 4, 3),
(671, 24, 6117, NULL, NULL, 18, 10, 2),
(672, 24, 6120, NULL, NULL, 18, 10, 3),
(673, 24, 6121, NULL, NULL, 18, 10, 2),
(674, 20, 7915, NULL, NULL, 18, 10, 3),
(675, 20, 7917, NULL, NULL, 18, 10, 3),
(676, 20, 7918, NULL, NULL, 18, 10, 3),
(677, 20, 7920, NULL, NULL, 18, 10, 3),
(678, 14, 8003, NULL, NULL, 19, 18, 3),
(679, 14, 8004, NULL, NULL, 19, 18, 3),
(680, 14, 8005, NULL, NULL, 19, 18, 3),
(681, 14, 2290, NULL, NULL, 6, 18, 3),
(682, 14, 8007, NULL, NULL, 19, 18, 3),
(683, 14, 8008, NULL, NULL, 19, 18, 3),
(684, 14, 8009, NULL, NULL, 19, 18, 3),
(685, 14, 8010, NULL, NULL, 19, 18, 3),
(686, 14, 8012, NULL, NULL, 19, 18, 3),
(687, 14, 8013, NULL, NULL, 19, 18, 3),
(688, 14, 8070, NULL, NULL, 1, 14, 3),
(689, 14, 7981, NULL, NULL, 19, 3, 3),
(690, 14, 7983, NULL, NULL, 19, 3, 3),
(691, 14, 7984, NULL, NULL, 19, 3, 3),
(692, 14, 7985, NULL, NULL, 19, 3, 3),
(693, 14, 8006, NULL, NULL, 19, 18, 3),
(694, 14, 7987, NULL, NULL, 19, 3, 3),
(695, 14, 7988, NULL, NULL, 19, 3, 3),
(696, 14, 7989, NULL, NULL, 19, 3, 3),
(697, 14, 7990, NULL, NULL, 19, 3, 3),
(698, 14, 7991, NULL, NULL, 19, 3, 3),
(699, 20, 8138, 'Transporte', NULL, 15, 16, 3),
(700, 14, 9911, NULL, NULL, 1, 7, 2),
(701, 14, 31703, NULL, NULL, 1, 7, 2),
(702, 14, 31671, NULL, NULL, 1, 2, 2),
(703, 14, 31707, 'Cambiado para Operación 14 Baja', NULL, 1, 4, 1),
(704, 20, 7924, NULL, NULL, 18, 10, 3),
(705, 14, 31695, NULL, NULL, 1, 18, 2),
(706, 14, 31693, 'Cambiado para Operación 14 Baja', NULL, 1, 3, 1),
(707, 14, 31695, NULL, NULL, 1, 7, 2),
(708, 14, 2288, NULL, NULL, 8, 2, 3),
(709, 14, 8011, 'Falta Ver', NULL, 19, 18, 3),
(710, 14, 2292, NULL, NULL, 6, 18, 2),
(711, 14, 2293, NULL, NULL, 6, 18, 2),
(712, 14, 2291, NULL, NULL, 6, 18, 3),
(713, 14, 2295, NULL, NULL, 4, 3, 3),
(714, 14, 7986, NULL, NULL, 19, 3, 3),
(715, 14, 2297, NULL, NULL, 4, 3, 3),
(716, 14, 7982, NULL, NULL, 19, 3, 3),
(717, 20, 8026, NULL, NULL, 18, 10, 3),
(718, 20, 8032, NULL, NULL, 18, 10, 3),
(719, 14, 2294, NULL, NULL, 4, 3, 3),
(720, 14, 2298, NULL, NULL, 4, 4, 3),
(721, 14, 2296, NULL, NULL, 4, 3, 3),
(722, 14, 2301, NULL, NULL, 4, 4, 3),
(723, 20, 8035, NULL, NULL, 18, 10, 3),
(724, 21, 6067, NULL, NULL, 18, 10, 3),
(725, 15, 31814, NULL, NULL, 1, 18, 2),
(726, 15, 31814, NULL, NULL, 9, 7, 2),
(727, 21, 5898, NULL, NULL, 18, 10, 3),
(728, 15, 31750, NULL, NULL, 1, 18, 2),
(729, 5, 8140, NULL, NULL, 15, 16, 3),
(730, 31, 7754, 'Cambiado para Operación 14 Baja', NULL, 17, 2, 1),
(731, 31, 8600, 'Cambiado para Operación 14 Baja', NULL, 14, 2, 1),
(732, 31, 8670, 'Cambiado para Operación 14 Baja', NULL, 14, 2, 1),
(733, 15, 8677, NULL, NULL, 14, 2, 2),
(734, 15, 8756, NULL, NULL, 14, 2, 3),
(735, 31, 8757, 'Cambiado para Operación 14 Baja', NULL, 14, 2, 1),
(736, 31, 8760, 'Cambiado para Operación 14 Baja', NULL, 14, 2, 1),
(737, 31, 8763, 'Cambiado para Operación 14 Baja', NULL, 14, 2, 1),
(738, 15, 8834, NULL, NULL, 14, 2, 2),
(739, 15, 8989, NULL, NULL, 14, 2, 2),
(740, 31, 9810, 'Cambiado para Operación 14 Baja', NULL, 14, 2, 1),
(741, 15, 9887, NULL, NULL, 17, 2, 2),
(742, 15, 31721, NULL, NULL, 17, 2, 3),
(743, 15, 7769, NULL, NULL, 19, 4, 3),
(744, 15, 8228, NULL, NULL, 19, 4, 3),
(745, 15, 8365, NULL, NULL, 4, 4, 3),
(746, 15, 8643, NULL, NULL, 19, 4, 3),
(747, 15, 8645, NULL, NULL, 19, 4, 3),
(748, 15, 8647, NULL, NULL, 19, 4, 3),
(749, 15, 8720, NULL, NULL, 4, 4, 3),
(750, 15, 8729, NULL, NULL, 19, 4, 3),
(751, 15, 8797, NULL, NULL, 19, 4, 3),
(752, 15, 9039, NULL, NULL, 19, 4, 3),
(753, 15, 9040, NULL, NULL, 19, 4, 3),
(754, 15, 9045, NULL, NULL, 19, 4, 3),
(755, 15, 31797, NULL, NULL, 19, 4, 3),
(756, 15, 245222, NULL, NULL, 19, 4, 3),
(757, 21, 5902, NULL, NULL, 18, 10, 3),
(758, 21, 6008, NULL, NULL, 18, 10, 3),
(759, 21, 6011, NULL, NULL, 18, 10, 3),
(760, 21, 6013, NULL, NULL, 18, 10, 3),
(761, 14, 7978, 'Revisar Se enciende y se apaga', NULL, 18, 10, 3),
(762, 14, 7979, 'Reinstall', NULL, 18, 10, 3),
(763, 43, 7923, NULL, NULL, 18, 10, 3),
(764, 43, 5896, 'Ni disco, ni Red', NULL, 18, 10, 3),
(765, 43, 5952, 'Ni disco, ni Red', NULL, 18, 10, 3),
(766, 43, 5953, 'Ni disco, ni Red', NULL, 18, 10, 3),
(767, 15, 7778, NULL, NULL, 1, 18, 2),
(768, 15, 8242, NULL, NULL, 1, 18, 2),
(769, 15, 8450, NULL, NULL, 1, 18, 2),
(770, 15, 8654, NULL, NULL, 1, 18, 2),
(771, 15, 8659, NULL, NULL, 1, 18, 2),
(772, 15, 8660, NULL, NULL, 1, 18, 2),
(773, 15, 8667, NULL, NULL, 1, 18, 2),
(774, 15, 8820, NULL, NULL, 1, 18, 2),
(775, 15, 8827, NULL, NULL, 1, 18, 2),
(776, 15, 9059, NULL, NULL, 1, 18, 2),
(777, 15, 9067, NULL, NULL, 1, 18, 2),
(778, 15, 9068, NULL, NULL, 1, 18, 2),
(779, 15, 2043, NULL, NULL, 19, 3, 3),
(780, 15, 2044, NULL, NULL, 19, 3, 3),
(781, 15, 2045, NULL, NULL, 19, 3, 3),
(782, 15, 2046, NULL, NULL, 19, 3, 3),
(783, 15, 2047, NULL, NULL, 19, 3, 3),
(784, 15, 2048, NULL, NULL, 19, 3, 3),
(785, 15, 2049, NULL, NULL, 19, 3, 3),
(786, 15, 2050, NULL, NULL, 20, 3, 2),
(787, 15, 7762, 'Cambiado para Operación 14 Baja', NULL, 20, 3, 1),
(788, 15, 8625, 'Cambiado para Operación 14 Baja', NULL, 20, 3, 1),
(789, 15, 9027, NULL, NULL, 11, 3, 2),
(790, 15, 9033, 'Cambiado para Operación 14 Baja', NULL, 20, 3, 1),
(791, 15, 245202, 'Cambiado para Operación 14 Baja', NULL, 20, 3, 1),
(792, 5, 8143, NULL, NULL, 15, 16, 3),
(793, 15, 9387, NULL, NULL, 9, 7, 2),
(794, 15, 9391, NULL, NULL, 9, 7, 2),
(795, 15, 9424, NULL, NULL, 9, 7, 2),
(796, 15, 9467, NULL, NULL, 9, 7, 2),
(797, 15, 9500, NULL, NULL, 9, 7, 2),
(798, 15, 9502, NULL, NULL, 9, 7, 2),
(799, 15, 9540, NULL, NULL, 9, 7, 2),
(800, 15, 9545, NULL, NULL, 9, 7, 2),
(801, 15, 9553, NULL, NULL, 9, 7, 2),
(802, 15, 9650, NULL, NULL, 9, 7, 2),
(803, 15, 242508, NULL, NULL, 9, 7, 2),
(804, 15, 9468, NULL, NULL, 9, 7, 2),
(805, 15, 8791, 'Cambiado para Operación 14 Baja', NULL, 11, 3, 1),
(806, 43, 5956, 'Ni disco, ni Red', NULL, 18, 10, 3),
(807, 43, 7916, 'Ni disco, ni Red', NULL, 18, 10, 3),
(808, 22, 245183, NULL, NULL, 1, 18, 2),
(809, 22, 31753, NULL, NULL, 19, 4, 3),
(810, 43, 5949, 'Ni disco, ni Red', NULL, 18, 10, 3),
(811, 22, 31749, NULL, NULL, 1, 18, 2),
(812, 22, 31749, NULL, NULL, 9, 7, 2),
(813, 22, 8071, NULL, NULL, 1, 14, 3),
(814, 22, 31700, NULL, NULL, 1, 18, 2),
(815, 22, 31700, NULL, NULL, 9, 7, 2),
(816, 17, 8144, NULL, NULL, 15, 16, 3),
(817, 22, 7299, NULL, NULL, 14, 2, 3),
(818, 22, 8316, 'Cambiado para Operación 14 Baja', NULL, 21, 2, 1),
(819, 22, 8323, NULL, NULL, 1, 2, 3),
(820, 22, 8392, 'Cambiado para Operación 14 Baja', NULL, 14, 2, 1),
(821, 22, 8523, 'Cambiado para Operación 14 Baja', NULL, 21, 2, 1),
(822, 22, 8673, 'Cambiado para Operación 14 Baja', NULL, 14, 2, 1),
(823, 22, 8682, NULL, NULL, 14, 2, 3),
(824, 22, 8997, NULL, NULL, 14, 2, 3),
(825, 22, 9235, 'Cambiado para Operación 14 Baja', NULL, 21, 2, 1),
(826, 22, 31677, NULL, NULL, 14, 2, 2),
(827, 22, 31678, 'Cambiado para Operación 14 Baja', NULL, 14, 2, 1),
(828, 22, 31811, 'Cambiado para Operación 14 Baja', NULL, 1, 2, 1),
(829, 22, 7313, NULL, NULL, 1, 4, 3),
(830, 22, 8358, NULL, NULL, 19, 4, 3),
(831, 22, 8434, NULL, NULL, 1, 4, 3),
(832, 22, 8637, NULL, NULL, 1, 4, 3),
(833, 22, 8639, NULL, NULL, 19, 4, 3),
(834, 22, 9539, NULL, NULL, 1, 4, 3),
(835, 22, 9862, NULL, NULL, 19, 4, 3),
(836, 22, 31756, NULL, NULL, 1, 4, 3),
(837, 22, 31758, NULL, NULL, 1, 4, 3),
(838, 22, 31762, NULL, NULL, 1, 4, 3),
(839, 22, 31817, NULL, NULL, 1, 4, 3),
(840, 22, 242520, NULL, NULL, 19, 4, 3),
(841, 46, 7922, NULL, NULL, 18, 10, 3),
(842, 47, 7921, NULL, NULL, 18, 10, 3),
(843, 50, 7925, NULL, NULL, 18, 10, 3),
(844, 9, 147, 'Movimiento del Lab 8', NULL, 18, 10, 3),
(845, 9, 148, 'Movimiento del Lab 8', NULL, 18, 10, 3),
(846, 23, 153, NULL, NULL, 18, 10, 3),
(847, 23, 154, NULL, NULL, 18, 10, 3),
(848, 23, 155, NULL, NULL, 18, 10, 3),
(849, 23, 157, NULL, NULL, 18, 10, 3),
(850, 23, 158, NULL, NULL, 18, 10, 3),
(851, 23, 164, NULL, NULL, 18, 10, 3),
(852, 22, 7302, NULL, NULL, 1, 18, 2),
(853, 22, 8301, NULL, NULL, 1, 18, 2),
(854, 22, 8372, NULL, NULL, 1, 18, 2),
(855, 22, 8379, NULL, NULL, 1, 18, 2),
(856, 22, 8448, NULL, NULL, 1, 18, 2),
(857, 22, 8658, NULL, NULL, 1, 18, 2),
(858, 22, 9053, NULL, NULL, 1, 18, 2),
(859, 22, 9066, NULL, NULL, 1, 18, 2),
(860, 22, 9578, NULL, NULL, 9, 7, 2),
(861, 22, 8265, 'Cambiado para Operación 14 Baja', NULL, 11, 3, 1),
(862, 22, 8337, 'Cambiado para Operación 14 Baja', NULL, 20, 3, 1),
(863, 22, 8406, 'Cambiado para Operación 14 Baja', NULL, 20, 3, 1),
(864, 22, 31741, 'Cambiado para Operación 14 Baja', NULL, 20, 3, 1),
(865, 22, 2051, NULL, NULL, 19, 3, 3),
(866, 22, 2052, NULL, NULL, 19, 3, 3),
(867, 22, 2053, NULL, NULL, 19, 3, 3),
(868, 22, 2054, NULL, NULL, 19, 3, 3),
(869, 22, 2058, NULL, NULL, 19, 3, 3),
(870, 22, 2057, NULL, NULL, 19, 3, 3),
(871, 22, 2059, NULL, NULL, 19, 3, 3),
(872, 22, 2060, NULL, NULL, 19, 3, 3),
(873, 22, 8529, NULL, NULL, 19, 3, 3),
(874, 21, 8146, NULL, NULL, 15, 16, 3),
(875, 22, 7303, NULL, NULL, 9, 7, 2),
(876, 22, 9398, NULL, NULL, 9, 7, 2),
(877, 22, 9409, NULL, NULL, 9, 7, 2),
(878, 22, 9426, NULL, NULL, 9, 7, 2),
(879, 22, 9466, NULL, NULL, 9, 7, 2),
(880, 22, 9479, NULL, NULL, 9, 7, 2),
(881, 22, 9482, NULL, NULL, 9, 7, 2),
(882, 22, 9495, NULL, NULL, 9, 7, 2),
(883, 22, 9544, NULL, NULL, 9, 7, 2),
(884, 22, 9549, NULL, NULL, 9, 7, 2),
(885, 22, 31751, NULL, NULL, 9, 7, 2),
(886, 22, 9057, NULL, NULL, 1, 18, 2),
(887, 22, 8380, NULL, NULL, 11, 18, 3),
(888, 23, 11252, NULL, NULL, 18, 10, 3),
(889, 42, 31753, NULL, NULL, 1, 18, 3),
(890, 42, 31753, NULL, NULL, 1, 7, 2),
(891, 42, 31704, NULL, NULL, 1, 18, 3),
(892, 42, 31704, NULL, NULL, 1, 7, 2),
(893, 42, 8175, NULL, NULL, 1, 2, 3),
(894, 42, 8182, NULL, NULL, 1, 2, 3),
(895, 42, 8184, NULL, NULL, 1, 2, 3),
(896, 42, 8252, NULL, NULL, 1, 2, 3),
(897, 42, 8390, NULL, NULL, 1, 2, 3),
(898, 42, 8595, NULL, NULL, 1, 2, 3),
(899, 42, 8840, NULL, NULL, 1, 2, 3),
(900, 42, 31672, NULL, NULL, 1, 2, 3),
(901, 42, 245194, NULL, NULL, 1, 2, 3),
(902, 42, 8224, NULL, NULL, 1, 4, 3),
(903, 42, 8288, NULL, NULL, 1, 4, 3),
(904, 42, 8289, NULL, NULL, 1, 4, 3),
(905, 42, 8368, NULL, NULL, 1, 4, 3),
(906, 42, 8431, NULL, NULL, 1, 4, 3),
(907, 42, 8432, NULL, NULL, 1, 4, 3),
(908, 42, 8648, NULL, NULL, 1, 4, 3),
(909, 42, 8805, NULL, NULL, 1, 4, 3),
(910, 42, 8807, NULL, NULL, 1, 4, 3),
(911, 23, 11253, NULL, NULL, 18, 10, 3),
(912, 23, 11255, NULL, NULL, 18, 10, 3),
(913, 23, 11257, NULL, NULL, 18, 10, 3),
(914, 39, 8685, NULL, NULL, 1, 1, 2),
(915, 5, 31694, NULL, NULL, 1, 1, 2),
(916, 15, 8276, 'Enviad a reparar', NULL, 14, 1, 2),
(917, 15, 8698, NULL, NULL, 14, 1, 2),
(918, 42, 8238, NULL, NULL, 1, 18, 3),
(919, 42, 8300, NULL, NULL, 1, 18, 3),
(920, 42, 8445, NULL, NULL, 1, 18, 3),
(921, 42, 8446, NULL, NULL, 1, 18, 3),
(922, 42, 8824, NULL, NULL, 1, 18, 3),
(923, 42, 9061, NULL, NULL, 1, 18, 3),
(924, 42, 2035, NULL, NULL, 1, 3, 3),
(925, 42, 2036, NULL, NULL, 1, 3, 3),
(926, 42, 2037, NULL, NULL, 1, 3, 3),
(927, 42, 2038, NULL, NULL, 1, 3, 3),
(928, 42, 2039, NULL, NULL, 1, 3, 3),
(929, 42, 2040, NULL, NULL, 1, 3, 3),
(930, 42, 2041, NULL, NULL, 1, 3, 3),
(931, 42, 2042, NULL, NULL, 1, 3, 3),
(932, 42, 8196, NULL, NULL, 1, 3, 3),
(933, 42, 9366, NULL, NULL, 1, 7, 2),
(934, 42, 9376, NULL, NULL, 1, 7, 2),
(935, 42, 9386, NULL, NULL, 1, 7, 2),
(936, 42, 9407, NULL, NULL, 1, 7, 2),
(937, 42, 9494, NULL, NULL, 1, 7, 2),
(938, 42, 9647, NULL, NULL, 1, 7, 2),
(939, 15, 9016, 'Enviad a reparar', NULL, 14, 1, 2),
(940, 42, 8380, NULL, NULL, 1, 18, 3),
(941, 43, 7955, NULL, NULL, 19, 18, 3),
(942, 43, 7904, NULL, NULL, 8, 2, 3),
(943, 15, 8773, NULL, NULL, 14, 1, 2),
(944, 43, 9578, 'Almacen', NULL, 1, 7, 2),
(945, 15, 5882, 'Movimiento del Lab de Prof', NULL, 8, 2, 3),
(946, 15, 5888, 'Movimiento del Lab de Prof', NULL, 8, 2, 3),
(947, 15, 5889, 'Movimiento del Lab de Prof', NULL, 8, 2, 3),
(948, 15, 5891, 'Movimiento del Lab de Prof', NULL, 8, 2, 3),
(949, 43, 5887, 'hay q ver', NULL, 8, 2, 3),
(950, 15, 5892, 'Movimiento del Lab de Prof', NULL, 8, 2, 3),
(951, 15, 5943, 'Movimiento del Lab de Prof', NULL, 8, 2, 3),
(952, 15, 8024, 'Movimiento del Lab de Prof', NULL, 8, 2, 3),
(953, 22, 5883, 'Movimiento del Lab de Prof', NULL, 8, 2, 3),
(954, 4, 5937, NULL, NULL, 8, 2, 3),
(955, 22, 5884, 'Movimiento del Lab de Prof', NULL, 8, 2, 3),
(956, 4, 5939, NULL, NULL, 8, 2, 3),
(957, 22, 5885, 'Movimiento del Lab de Prof', NULL, 8, 2, 3),
(958, 22, 5938, 'Movimiento del Lab de Prof', NULL, 8, 2, 3),
(959, 22, 5940, 'Movimiento del Lab de Prof', NULL, 8, 2, 3),
(960, 43, 5941, 'hay q ver', NULL, 8, 2, 3),
(961, 4, 5944, NULL, NULL, 8, 2, 3),
(962, 4, 5946, NULL, NULL, 8, 2, 3),
(963, 22, 5942, 'Movimiento del Lab de Prof', NULL, 8, 2, 3),
(964, 9, 5947, 'Movimiento del Lab de Prof', NULL, 8, 2, 3),
(965, 22, 8017, 'Movimiento del Lab de Prof', NULL, 8, 2, 3),
(966, 43, 5915, 'Almacen', NULL, 19, 4, 3),
(967, 43, 5916, 'Almacen', NULL, 19, 4, 3),
(968, 43, 5917, 'Julio', NULL, 19, 4, 3),
(969, 43, 5918, 'Almacen', NULL, 19, 4, 3),
(970, 43, 5920, 'Almacen', NULL, 19, 4, 2),
(971, 9, 5921, 'Movimiento del Lab de Prof', NULL, 19, 4, 3),
(972, 43, 5922, 'Almacen', NULL, 19, 4, 3),
(973, 43, 5924, 'Almacen', NULL, 19, 4, 3),
(974, 43, 5925, 'Almacen Revisar Cable', NULL, 19, 4, 2),
(975, 37, 5970, 'Movimiento del Lab de Prof', NULL, 19, 4, 3),
(976, 37, 5971, 'Movimiento del Lab de Prof', NULL, 19, 4, 3),
(977, 14, 5972, 'Movimiento del Lab de Prof', NULL, 19, 4, 3),
(978, 44, 5973, 'Movimiento del Lab de Prof', NULL, 19, 4, 3),
(979, 39, 5974, 'Almacen Estadistica Perma lab Prof', NULL, 19, 4, 3),
(980, 37, 5975, 'Movimiento del Lab de Prof', NULL, 19, 4, 3),
(981, 43, 5976, 'Almacen', NULL, 19, 4, 2),
(982, 43, 5977, 'Almacen', NULL, 19, 4, 3),
(983, 43, 5979, 'Almacen', NULL, 19, 4, 3),
(984, 43, 5980, 'Almacen  Derve', NULL, 19, 4, 3),
(985, 26, 7937, 'henry', NULL, 19, 4, 3),
(986, 43, 7938, 'Almacen', NULL, 19, 4, 3),
(987, 4, 7946, NULL, NULL, 19, 4, 3),
(988, 43, 8050, 'Almacen Revisar falso', NULL, 19, 4, 2),
(989, 44, 8057, 'Movimiento del Lab de Prof', NULL, 19, 4, 3),
(990, 22, 8277, NULL, NULL, 14, 1, 3),
(991, 22, 8616, 'Enviad a reparar', NULL, 14, 1, 2),
(992, 22, 245249, 'Enviad a reparar', NULL, 14, 1, 2),
(993, 43, 5894, 'Cambiado para Operación 14 Baja', NULL, 18, 10, 1),
(994, 43, 5895, 'Cambiado para Operación 14 Baja', NULL, 18, 10, 1),
(995, 46, 9826, NULL, NULL, 1, 1, 2),
(996, 43, 5897, 'Cambiado para Operación 14 Baja', NULL, 18, 10, 1),
(997, 43, 5899, 'Cambiado para Operación 14 Baja', NULL, 18, 10, 1),
(998, 43, 5900, 'Cambiado para Operación 14 Baja', NULL, 18, 10, 1),
(999, 43, 5901, 'Cambiado para Operación 14 Baja', NULL, 18, 10, 1),
(1000, 43, 5903, 'Cambiado para Operación 14 Baja', NULL, 18, 10, 1),
(1001, 43, 5950, 'Cambiado para Operación 14 Baja', NULL, 18, 10, 1),
(1002, 43, 5951, 'Cambiado para Operación 14 Baja', NULL, 18, 10, 1),
(1003, 47, 9014, NULL, NULL, 1, 1, 2),
(1004, 48, 7794, NULL, NULL, 1, 1, 2),
(1005, 43, 5954, 'Cambiado para Operación 14 Baja', NULL, 18, 10, 1),
(1006, 43, 5955, 'Cambiado para Operación 14 Baja', NULL, 18, 10, 1),
(1007, 30, 9097, NULL, NULL, 1, 1, 2),
(1008, 43, 5958, 'Cambiado para Operación 14 Baja', NULL, 18, 10, 1),
(1009, 49, 2025, NULL, NULL, 1, 1, 2),
(1010, 4, 2000, NULL, NULL, 1, 1, 2),
(1011, 43, 8030, 'Cambiado para Operación 14 Baja', NULL, 18, 10, 1),
(1012, 43, 5926, 'Almacen', NULL, 19, 18, 3),
(1013, 43, 5927, 'Almacen', NULL, 19, 18, 3),
(1014, 37, 5928, 'Movimiento del Lab de Prof', NULL, 19, 18, 3),
(1015, 37, 5929, 'Movimiento del Lab de Prof', NULL, 19, 18, 3),
(1016, 43, 5931, 'Almacen', NULL, 19, 18, 3),
(1017, 43, 5932, 'Almacen', NULL, 19, 18, 3),
(1018, 37, 5933, 'Movimiento del Lab de Prof', NULL, 19, 18, 3),
(1019, 43, 5935, 'Almacen', NULL, 19, 18, 3),
(1020, 37, 5936, 'Movimiento del Lab de Prof', NULL, 19, 18, 3),
(1021, 43, 5981, 'Almacen', NULL, 19, 18, 3),
(1022, 43, 5982, 'Almacen', NULL, 19, 18, 3),
(1023, 44, 5983, 'Movimiento del Lab de Prof', NULL, 19, 18, 3),
(1024, 43, 5984, 'Almacen', NULL, 19, 18, 3),
(1025, 43, 5985, 'Almacen', NULL, 19, 18, 3),
(1026, 43, 5986, 'Almacen', NULL, 19, 18, 3),
(1027, 43, 5987, 'Almacen', NULL, 19, 18, 3),
(1028, 9, 5988, 'Movimiento del Lab de Prof', NULL, 19, 18, 3),
(1029, 9, 5990, 'Movimiento del Lab de Prof', NULL, 19, 18, 3),
(1030, 37, 5991, 'Movimiento del Lab de Prof', NULL, 19, 18, 3),
(1031, 43, 7949, 'Almacen', NULL, 19, 18, 2),
(1032, 43, 7954, 'Almacen', NULL, 19, 18, 3),
(1033, 43, 8059, 'Almacen', NULL, 19, 18, 3),
(1034, 43, 8060, 'Almacen cable desoldado', NULL, 19, 18, 2),
(1035, 43, 7886, NULL, NULL, 1, 14, 3),
(1036, 43, 8069, NULL, NULL, 1, 14, 3),
(1037, 43, 5904, 'Julio', NULL, 19, 3, 3),
(1038, 43, 5905, 'Almacen', NULL, 19, 3, 3),
(1039, 43, 5906, 'Almacen', NULL, 19, 3, 3),
(1040, 43, 5907, 'Almacen', NULL, 19, 3, 3),
(1041, 43, 5909, 'Almacen', NULL, 19, 3, 3),
(1042, 26, 5910, 'Henry', NULL, 19, 3, 3),
(1043, 43, 5911, 'Almacen', NULL, 19, 3, 3),
(1044, 22, 5913, 'Movimiento del Lab de Prof', NULL, 19, 3, 3),
(1045, 43, 5914, 'Almacen', NULL, 19, 3, 3),
(1046, 14, 5959, 'Movimiento del Lab de Prof', NULL, 19, 3, 3),
(1047, 22, 5960, 'Movimiento del Lab de Prof', NULL, 19, 3, 3),
(1048, 15, 5961, 'Movimiento del Lab de Prof', NULL, 19, 3, 3),
(1049, 15, 5962, 'Movimiento del Lab de Prof', NULL, 19, 3, 3),
(1050, 15, 5963, 'Movimiento del Lab de Prof', NULL, 19, 3, 3),
(1051, 22, 5964, 'Movimiento del Lab de Prof', NULL, 19, 3, 3),
(1052, 15, 5965, 'Movimiento del Lab de Prof', NULL, 19, 3, 3),
(1053, 15, 5966, 'Movimiento del Lab de Prof', NULL, 19, 3, 3),
(1054, 22, 5968, 'Movimiento del Lab de Prof', NULL, 19, 3, 3),
(1055, 9, 5969, 'Movimiento del Lab de Prof', NULL, 19, 3, 3),
(1056, 43, 7928, 'Almacen', NULL, 19, 3, 3),
(1057, 43, 7929, 'Almacen', NULL, 19, 3, 3),
(1058, 43, 8039, 'Almacen', NULL, 19, 3, 3),
(1059, 43, 8046, 'Almacen', NULL, 19, 3, 3),
(1060, 43, 9397, 'Almacen', NULL, 1, 7, 2),
(1061, 43, 9573, 'Almacen', NULL, 1, 7, 2),
(1062, 43, 9590, 'Almacen', NULL, 1, 7, 2),
(1063, 9, 9594, 'Mov del lab prof', NULL, 1, 7, 3),
(1064, 43, 9601, 'Almacen', NULL, 1, 7, 2),
(1065, 43, 9611, 'Almacen', NULL, 1, 7, 2),
(1066, 43, 9617, 'Almacen', NULL, 1, 7, 2),
(1067, 43, 9618, 'Almacen', NULL, 1, 7, 2),
(1068, 43, 9620, 'Almacen', NULL, 1, 7, 2),
(1069, 43, 9623, 'Almacen', NULL, 1, 7, 2),
(1070, 43, 9625, 'Almacen', NULL, 1, 7, 2),
(1071, 43, 9629, 'Almacen', NULL, 1, 7, 2),
(1072, 43, 9630, 'Almacen', NULL, 1, 7, 2),
(1073, 43, 9632, 'Almacen', NULL, 1, 7, 2),
(1074, 43, 9635, 'Almacen', NULL, 1, 7, 2),
(1075, 43, 9641, 'Almacen', NULL, 1, 7, 2),
(1076, 43, 9587, 'Almacen', NULL, 1, 7, 2),
(1077, 43, 5893, NULL, NULL, 1, 11, 2),
(1078, 43, 5948, NULL, NULL, 1, 11, 2),
(1079, 19, 6061, NULL, NULL, 18, 10, 2),
(1080, 45, 9462, NULL, NULL, 1, 7, 2),
(1081, 45, 9057, NULL, NULL, 1, 18, 3),
(1082, 45, 31886, NULL, NULL, 1, 2, 2),
(1083, 45, 31885, NULL, NULL, 1, 2, 2),
(1084, 45, 7913, NULL, NULL, 1, 2, 2),
(1085, 45, 31899, NULL, NULL, 1, 4, 3),
(1086, 45, 31892, NULL, NULL, 1, 4, 3),
(1087, 45, 7942, NULL, NULL, 1, 4, 3),
(1088, 19, 6062, NULL, NULL, 18, 10, 2),
(1089, 19, 6065, NULL, NULL, 18, 10, 2),
(1090, 19, 5957, NULL, NULL, 18, 10, 2),
(1091, 19, 6064, NULL, NULL, 18, 10, 2),
(1092, 45, 31911, NULL, NULL, 1, 18, 3),
(1093, 45, 7958, NULL, NULL, 1, 18, 3),
(1094, 45, 7102, NULL, NULL, 1, 3, 3),
(1095, 45, 7097, NULL, NULL, 1, 3, 3),
(1096, 45, 31901, NULL, NULL, 1, 3, 3),
(1097, 45, 31902, NULL, NULL, 1, 3, 3),
(1098, 45, 7936, NULL, NULL, 1, 3, 3),
(1099, 45, 7446, NULL, NULL, 1, 7, 2),
(1100, 45, 7447, NULL, NULL, 1, 7, 2),
(1101, 45, 7445, NULL, NULL, 1, 7, 2),
(1102, 45, 7621, NULL, NULL, 1, 7, 2),
(1103, 45, 7450, NULL, NULL, 1, 7, 2),
(1104, 45, 7453, NULL, NULL, 1, 7, 2),
(1105, 45, 7452, NULL, NULL, 1, 7, 2),
(1106, 45, 7459, NULL, NULL, 1, 7, 2),
(1107, 45, 7448, NULL, NULL, 1, 7, 2),
(1108, 45, 9459, NULL, NULL, 1, 7, 2),
(1109, 45, 9489, NULL, NULL, 1, 7, 2),
(1110, 45, 9496, NULL, NULL, 1, 7, 2),
(1111, 45, 9645, NULL, NULL, 1, 7, 2),
(1112, 45, 2231, NULL, NULL, 1, 7, 3),
(1113, 45, 2232, NULL, NULL, 1, 7, 3),
(1114, 45, 2233, NULL, NULL, 1, 7, 2),
(1115, 46, 7909, NULL, NULL, 8, 2, 3),
(1116, 46, 7944, NULL, NULL, 19, 4, 3),
(1117, 24, 6063, NULL, NULL, 18, 10, 2),
(1118, 46, 7932, NULL, NULL, 19, 3, 3),
(1119, 46, 245189, NULL, NULL, 1, 2, 2),
(1120, 46, 9857, NULL, NULL, 1, 4, 2),
(1121, 24, 6068, NULL, NULL, 18, 10, 2),
(1122, 46, 31698, NULL, NULL, 1, 18, 2),
(1123, 46, 31802, NULL, NULL, 1, 3, 2),
(1124, 46, 31698, NULL, NULL, 1, 7, 2),
(1125, 47, 7912, NULL, NULL, 8, 2, 3),
(1126, 47, 7943, NULL, NULL, 19, 4, 3),
(1127, 24, 6114, NULL, NULL, 18, 10, 2),
(1128, 47, 7953, NULL, NULL, 19, 18, 3),
(1129, 47, 7931, NULL, NULL, 19, 3, 3),
(1130, 47, 9004, NULL, NULL, 1, 2, 2),
(1131, 47, 9041, NULL, NULL, 1, 4, 1),
(1132, 24, 6118, NULL, NULL, 18, 10, 2),
(1133, 47, 7314, NULL, NULL, 1, 18, 1),
(1134, 47, 0, NULL, NULL, 1, 3, 2),
(1135, 47, 9031, NULL, NULL, 1, 7, 2),
(1136, 48, 9598, NULL, NULL, 1, 2, 2),
(1137, 48, 8724, NULL, NULL, 1, 4, 2),
(1138, 24, 6119, NULL, NULL, 18, 10, 2),
(1139, 48, 8739, NULL, NULL, 1, 18, 1),
(1140, 48, 9770, NULL, NULL, 1, 3, 1),
(1141, 48, 9655, NULL, NULL, 1, 7, 2),
(1142, 27, 8465, NULL, NULL, 1, 2, 3),
(1143, 27, 9498, NULL, NULL, 1, 4, 3),
(1144, 24, 6122, NULL, NULL, 18, 10, 2),
(1145, 27, 8736, NULL, NULL, 1, 18, 3),
(1146, 27, 8476, NULL, NULL, 1, 3, 3),
(1147, 30, 8389, NULL, NULL, 1, 2, 3),
(1148, 30, 8177, NULL, NULL, 1, 4, 3),
(1149, 24, 6123, NULL, NULL, 18, 10, 2),
(1150, 30, 8179, NULL, NULL, 1, 18, 3),
(1151, 30, 8176, NULL, NULL, 1, 3, 3),
(1152, 30, 9576, NULL, NULL, 1, 7, 2),
(1153, 30, 8595, NULL, NULL, 1, 2, 3),
(1154, 30, 9944, NULL, NULL, 1, 4, 3),
(1155, 20, 8027, NULL, NULL, 18, 10, 2),
(1156, 30, 8656, NULL, NULL, 1, 18, 3),
(1157, 30, 2064, NULL, NULL, 1, 3, 3),
(1158, 49, 9804, NULL, NULL, 1, 2, 3),
(1159, 49, 8357, NULL, NULL, 1, 2, 2),
(1160, 49, 2033, NULL, NULL, 1, 2, 3),
(1161, 49, 9865, NULL, NULL, 1, 4, 3),
(1162, 49, 8293, NULL, NULL, 1, 4, 2),
(1163, 49, 2026, NULL, NULL, 1, 4, 3),
(1164, 20, 8028, NULL, NULL, 18, 10, 2),
(1165, 20, 8031, NULL, NULL, 18, 10, 2),
(1166, 20, 8033, NULL, NULL, 18, 10, 2),
(1167, 49, 9872, NULL, NULL, 1, 18, 3),
(1168, 49, 8305, NULL, NULL, 1, 18, 2),
(1169, 49, 2028, NULL, NULL, 1, 18, 3),
(1170, 49, 9845, NULL, NULL, 1, 3, 3),
(1171, 49, 8269, NULL, NULL, 1, 3, 2),
(1172, 49, 2027, NULL, NULL, 1, 3, 3),
(1173, 49, 9603, NULL, NULL, 1, 7, 2),
(1174, 49, 9381, NULL, NULL, 1, 7, 2),
(1175, 28, 31884, NULL, NULL, 1, 2, 2),
(1176, 28, 7349, NULL, NULL, 1, 4, 2),
(1177, 20, 8034, NULL, NULL, 18, 10, 2),
(1178, 28, 9878, NULL, NULL, 1, 18, 2),
(1179, 28, 8407, NULL, NULL, 1, 3, 3),
(1180, 28, 9493, NULL, NULL, 1, 7, 2),
(1181, 50, 7910, NULL, NULL, 8, 2, 3),
(1182, 21, 6059, NULL, NULL, 18, 10, 2),
(1183, 50, 7957, NULL, NULL, 19, 18, 3),
(1184, 50, 7933, NULL, NULL, 19, 3, 3),
(1185, 31, 7410, 'Tecnologia educativa', NULL, 1, 2, 2),
(1186, 44, 8749, NULL, NULL, 1, 2, 2),
(1187, 31, 7416, 'Tec. Educ .Cambiado para Operación 14 Baja', NULL, 1, 4, 1),
(1188, 44, 8804, 'Subdirector', NULL, 1, 4, 2),
(1189, 21, 6004, NULL, NULL, 18, 10, 2),
(1190, 21, 6005, NULL, NULL, 18, 10, 2),
(1191, 31, 7419, 'de Tec Educativ .Cambiado para Operación 14 Baja', NULL, 1, 18, 1),
(1192, 44, 8893, 'Subdirector', NULL, 1, 18, 2),
(1193, 44, 8342, 'Subdirector', NULL, 1, 3, 2),
(1194, 44, 2056, NULL, NULL, 1, 3, 3),
(1195, 31, 7422, 'Tecnologia educativa', NULL, 1, 7, 2),
(1196, 17, 8147, NULL, NULL, 15, 16, 3),
(1197, 5, 8148, NULL, NULL, 15, 16, 3),
(1198, 32, 8149, 'Dictaminado IPVCE', NULL, 15, 16, 1),
(1199, 7, 8150, NULL, NULL, 15, 16, 3),
(1200, 5, 8156, NULL, NULL, 15, 16, 3),
(1201, 32, 8132, NULL, NULL, 15, 16, 2),
(1202, 5, 8161, NULL, NULL, 15, 16, 3),
(1203, 4, 7908, 'Robado Yumar', NULL, 8, 2, 1),
(1204, 4, 8713, NULL, NULL, 1, 4, 3),
(1205, 4, 9023, NULL, NULL, 1, 4, 3),
(1206, 4, 8264, NULL, NULL, 1, 3, 3),
(1207, 4, 8401, NULL, NULL, 1, 3, 3),
(1208, 4, 8403, NULL, NULL, 1, 3, 3),
(1209, 4, 8408, NULL, NULL, 1, 3, 3),
(1210, 4, 8792, NULL, NULL, 1, 3, 3),
(1211, 4, 8793, NULL, NULL, 1, 3, 3),
(1212, 4, 31685, NULL, NULL, 1, 3, 3),
(1213, 4, 245184, NULL, NULL, 1, 3, 3),
(1214, 21, 6006, NULL, NULL, 18, 10, 2),
(1215, 21, 6007, NULL, NULL, 18, 10, 2),
(1216, 32, 8162, 'Dictaminado IPVCE', NULL, 15, 16, 1),
(1217, 5, 8163, NULL, NULL, 15, 16, 3),
(1218, 32, 8164, 'Dictaminado IPVCE', NULL, 15, 16, 1),
(1219, 32, 8166, 'Dictaminado IPVCE', NULL, 15, 16, 1),
(1220, 21, 6009, NULL, NULL, 18, 10, 2),
(1221, 21, 6010, 'Carga raro el BIOS', NULL, 18, 10, 2),
(1222, 21, 6012, NULL, NULL, 18, 10, 2),
(1223, 14, 7976, NULL, NULL, 18, 10, 2),
(1224, 14, 7977, NULL, NULL, 18, 10, 2),
(1225, 14, 7980, NULL, NULL, 18, 10, 2),
(1226, 14, 7971, NULL, NULL, 18, 10, 2),
(1227, 14, 7972, 'Enviad a reparar', NULL, 18, 10, 2),
(1228, 14, 7973, NULL, NULL, 18, 10, 2),
(1229, 14, 7974, NULL, NULL, 18, 10, 2),
(1230, 14, 7975, NULL, NULL, 18, 10, 3),
(1231, 43, 8029, NULL, NULL, 18, 10, 2),
(1232, 9, 146, 'Movimiento del Lab 8', NULL, 18, 10, 2),
(1233, 23, 150, NULL, NULL, 18, 10, 2),
(1234, 23, 152, NULL, NULL, 18, 10, 2),
(1235, 23, 101, NULL, NULL, 8, 2, 3),
(1236, 23, 102, NULL, NULL, 8, 2, 3),
(1237, 23, 103, NULL, NULL, 8, 2, 3),
(1238, 23, 104, NULL, NULL, 8, 2, 3),
(1239, 23, 105, NULL, NULL, 8, 2, 3),
(1240, 23, 106, NULL, NULL, 8, 2, 3),
(1241, 23, 108, NULL, NULL, 8, 2, 3),
(1242, 23, 109, NULL, NULL, 8, 2, 3),
(1243, 23, 110, NULL, NULL, 8, 2, 3),
(1244, 23, 111, NULL, NULL, 3, 2, 3),
(1245, 23, 114, NULL, NULL, 8, 2, 3),
(1246, 23, 11232, NULL, NULL, 8, 2, 3),
(1247, 23, 11233, NULL, NULL, 8, 2, 3),
(1248, 23, 11235, NULL, NULL, 8, 2, 3),
(1249, 23, 11237, NULL, NULL, 8, 2, 3),
(1250, 23, 123, NULL, NULL, 19, 3, 3),
(1251, 23, 124, NULL, NULL, 19, 3, 3),
(1252, 23, 125, NULL, NULL, 19, 3, 3),
(1253, 23, 126, NULL, NULL, 19, 3, 3),
(1254, 23, 127, NULL, NULL, 19, 3, 3),
(1255, 23, 128, NULL, NULL, 19, 3, 3),
(1256, 23, 129, NULL, NULL, 19, 3, 3),
(1257, 23, 131, NULL, NULL, 19, 3, 3),
(1258, 23, 132, NULL, NULL, 19, 3, 3),
(1259, 23, 135, NULL, NULL, 19, 3, 3),
(1260, 23, 136, NULL, NULL, 19, 3, 3),
(1261, 23, 11242, NULL, NULL, 19, 3, 3),
(1262, 23, 11243, NULL, NULL, 19, 3, 3),
(1263, 23, 11245, NULL, NULL, 19, 3, 3);
INSERT INTO `equipos` (`id`, `id_local`, `no_inv`, `observaciones`, `sello`, `id_marca`, `id_tipo`, `id_estado`) VALUES
(1264, 23, 11247, NULL, NULL, 19, 3, 3),
(1265, 23, 112, NULL, NULL, 19, 4, 3),
(1266, 23, 113, NULL, NULL, 19, 4, 3),
(1267, 23, 162, NULL, NULL, 19, 4, 3),
(1268, 23, 115, NULL, NULL, 19, 4, 3),
(1269, 23, 116, NULL, NULL, 19, 4, 3),
(1270, 23, 117, NULL, NULL, 19, 4, 3),
(1271, 23, 118, NULL, NULL, 19, 4, 3),
(1272, 23, 119, NULL, NULL, 19, 4, 3),
(1273, 23, 120, NULL, NULL, 19, 4, 3),
(1274, 23, 121, NULL, NULL, 19, 4, 3),
(1275, 23, 122, NULL, NULL, 19, 4, 3),
(1276, 23, 130, NULL, NULL, 19, 4, 3),
(1277, 23, 134, NULL, NULL, 19, 4, 3),
(1278, 23, 137, NULL, NULL, 19, 4, 3),
(1279, 23, 138, NULL, NULL, 19, 4, 3),
(1280, 23, 139, NULL, NULL, 19, 18, 3),
(1281, 23, 140, NULL, NULL, 19, 18, 3),
(1282, 23, 141, NULL, NULL, 19, 18, 3),
(1283, 23, 142, NULL, NULL, 19, 18, 3),
(1284, 23, 143, NULL, NULL, 19, 18, 3),
(1285, 23, 144, NULL, NULL, 19, 18, 3),
(1286, 23, 145, NULL, NULL, 19, 18, 3),
(1287, 23, 149, NULL, NULL, 19, 18, 3),
(1288, 23, 151, NULL, NULL, 19, 18, 3),
(1289, 23, 156, NULL, NULL, 19, 18, 3),
(1290, 23, 159, NULL, NULL, 19, 18, 3),
(1291, 23, 160, NULL, NULL, 19, 18, 3),
(1292, 23, 166, NULL, NULL, 19, 18, 3),
(1293, 23, 163, NULL, NULL, 19, 18, 3),
(1294, 23, 161, NULL, NULL, 19, 18, 3);

-- --------------------------------------------------------

--
-- Estructura de tabla para la tabla `estados_equipos`
--

DROP TABLE IF EXISTS `estados_equipos`;
CREATE TABLE `estados_equipos` (
  `id` int(11) NOT NULL,
  `estado` varchar(50) NOT NULL,
  `descripcion` varchar(255) NOT NULL
) ENGINE=InnoDB DEFAULT CHARSET=utf8mb4;

--
-- Truncar tablas antes de insertar `estados_equipos`
--

TRUNCATE TABLE `estados_equipos`;
--
-- Volcado de datos para la tabla `estados_equipos`
--

INSERT INTO `estados_equipos` (`id`, `estado`, `descripcion`) VALUES
(1, 'Dictaminado', 'Dictaminado por COPEXTEL'),
(2, 'Roto', 'No funciona '),
(3, 'Funcionando', 'Funcionando perfectamente');

-- --------------------------------------------------------

--
-- Estructura de tabla para la tabla `estados_prestamos`
--

DROP TABLE IF EXISTS `estados_prestamos`;
CREATE TABLE `estados_prestamos` (
  `id` int(11) NOT NULL,
  `estado` varchar(50) NOT NULL,
  `descripcion` varchar(255) NOT NULL
) ENGINE=InnoDB DEFAULT CHARSET=utf8mb4;

--
-- Truncar tablas antes de insertar `estados_prestamos`
--

TRUNCATE TABLE `estados_prestamos`;
--
-- Volcado de datos para la tabla `estados_prestamos`
--

INSERT INTO `estados_prestamos` (`id`, `estado`, `descripcion`) VALUES
(1, 'En espera', 'La solicitud está pendiente de aprobación'),
(2, 'Aprobado', 'Aprobada la solicitud de prestamo'),
(3, 'Denegada', 'Denegada la solicitud de prestamo');

-- --------------------------------------------------------

--
-- Estructura de tabla para la tabla `estados_reportes`
--

DROP TABLE IF EXISTS `estados_reportes`;
CREATE TABLE `estados_reportes` (
  `id` int(11) NOT NULL,
  `estado` varchar(50) NOT NULL,
  `descripcion` varchar(255) NOT NULL
) ENGINE=InnoDB DEFAULT CHARSET=utf8mb4;

--
-- Truncar tablas antes de insertar `estados_reportes`
--

TRUNCATE TABLE `estados_reportes`;
--
-- Volcado de datos para la tabla `estados_reportes`
--

INSERT INTO `estados_reportes` (`id`, `estado`, `descripcion`) VALUES
(1, 'Roto', 'Equipo roto'),
(2, 'Con problemas', 'Equipo funcionando con problemas'),
(3, 'Dictaminado', 'Equipo dictaminado por copextel');

-- --------------------------------------------------------

--
-- Estructura de tabla para la tabla `locales`
--

DROP TABLE IF EXISTS `locales`;
CREATE TABLE `locales` (
  `id` int(11) NOT NULL,
  `local` varchar(48) NOT NULL,
  `id_padre` int(11) DEFAULT 1
) ENGINE=InnoDB DEFAULT CHARSET=utf8mb4;

--
-- Truncar tablas antes de insertar `locales`
--

TRUNCATE TABLE `locales`;
--
-- Volcado de datos para la tabla `locales`
--

INSERT INTO `locales` (`id`, `local`, `id_padre`) VALUES
(1, '(raiz)', NULL),
(2, 'Cuba', 1),
(3, 'Camagüey', 2),
(4, 'IPVCE Máximo Gómez Báez', 3),
(5, 'IPVCE', 4),
(6, 'IPU', 4),
(7, 'IPI', 4),
(8, 'Dirección IPI', 7),
(9, 'Departamento de F. Técnica', 7),
(14, 'Laboratorio 5', 7),
(15, 'Laboratorio 6', 7),
(16, 'Dirección IPU', 6),
(17, 'Unidad Presupuestada', 4),
(18, 'Dirección General', 4),
(19, 'Laboratorio 1', 5),
(20, 'Laboratorio 2', 5),
(21, 'Laboratorio 3', 5),
(22, 'Laboratorio 7', 7),
(23, 'Laboratorio 8', 7),
(24, 'Laboratorio 10', 6),
(25, 'Secretaría Docente IPI', 7),
(26, 'Subdirección IPI', 7),
(27, 'Secretaría Docente IPU', 6),
(28, 'Subdirección Docente IPU', 6),
(29, 'Dirección IPVCE', 5),
(30, 'Secretaría Docente IPVCE', 5),
(31, 'Almacén de Ocio', 4),
(32, 'Almacén', 4),
(33, 'ATM', 17),
(34, 'Aula Tecnológica', 5),
(36, 'CDIP', 5),
(37, 'Contabilidad', 17),
(39, 'Estadística', 17),
(40, 'Inversiones', 17),
(42, 'Laboratorio de Concursos', 5),
(43, 'Laboratorio de Profesores', 5),
(44, 'Tecnología Educativa', 18),
(45, 'Nodo', 44),
(46, 'OTS', 17),
(47, 'Protocolo', 18),
(48, 'Secretaría General', 18),
(49, 'Subdirección Administrativa', 17),
(50, 'Subdirección General', 18),
(51, 'COPEXTEL', 4);

-- --------------------------------------------------------

--
-- Estructura de tabla para la tabla `logs`
--

DROP TABLE IF EXISTS `logs`;
CREATE TABLE `logs` (
  `id` int(11) NOT NULL,
  `tabla` varchar(25) NOT NULL,
  `tipo_cambio` smallint(6) NOT NULL,
  `id_usuario` int(11) NOT NULL,
  `fecha` datetime NOT NULL DEFAULT CURRENT_TIMESTAMP,
  `objeto` varchar(50) NOT NULL
) ENGINE=InnoDB DEFAULT CHARSET=utf8mb4;

--
-- Truncar tablas antes de insertar `logs`
--

TRUNCATE TABLE `logs`;
-- --------------------------------------------------------

--
-- Estructura de tabla para la tabla `marcas`
--

DROP TABLE IF EXISTS `marcas`;
CREATE TABLE `marcas` (
  `id` int(11) NOT NULL,
  `marca` varchar(50) NOT NULL
) ENGINE=InnoDB DEFAULT CHARSET=utf8mb4;

--
-- Truncar tablas antes de insertar `marcas`
--

TRUNCATE TABLE `marcas`;
--
-- Volcado de datos para la tabla `marcas`
--

INSERT INTO `marcas` (`id`, `marca`) VALUES
(1, '(no especificado)'),
(2, 'HP'),
(3, 'Atec-Haitech'),
(4, 'Logitech'),
(6, 'IMicro'),
(7, 'ASUS'),
(8, 'Atec-Haier'),
(9, 'Centela'),
(10, 'Foxcon'),
(11, 'Founder'),
(12, 'FSP'),
(13, 'Gelect'),
(14, 'Hanel'),
(15, 'LG'),
(16, 'Logic'),
(17, 'Loyal'),
(18, 'LTEL'),
(19, 'THTF'),
(20, 'Mitsumi'),
(21, 'Aoc'),
(22, 'Atec');

-- --------------------------------------------------------

--
-- Estructura de tabla para la tabla `mensajes`
--

DROP TABLE IF EXISTS `mensajes`;
CREATE TABLE `mensajes` (
  `id` int(11) NOT NULL,
  `id_usuario_origen` int(11) NOT NULL,
  `id_usuario_destino` int(11) NOT NULL,
  `asunto` varchar(50) DEFAULT NULL,
  `mensaje` varchar(255) NOT NULL,
  `fecha` datetime NOT NULL DEFAULT CURRENT_TIMESTAMP,
  `estado` tinyint(1) NOT NULL DEFAULT 0
) ENGINE=InnoDB DEFAULT CHARSET=utf8mb4;

--
-- Truncar tablas antes de insertar `mensajes`
--

TRUNCATE TABLE `mensajes`;
-- --------------------------------------------------------

--
-- Estructura de tabla para la tabla `prestamos`
--

DROP TABLE IF EXISTS `prestamos`;
CREATE TABLE `prestamos` (
  `id` int(11) NOT NULL,
  `fecha` datetime NOT NULL DEFAULT CURRENT_TIMESTAMP,
  `fecha_fin` datetime NOT NULL DEFAULT CURRENT_TIMESTAMP,
  `motivo` varchar(255) NOT NULL,
  `recibe` varchar(80) NOT NULL,
  `local_req` varchar(50) NOT NULL,
  `id_equipo` int(11) NOT NULL,
  `id_local_dest` int(11) DEFAULT NULL,
  `id_estado` int(11) NOT NULL,
  `id_usuario_req` int(11) NOT NULL,
  `id_usuario_auth` int(11) DEFAULT NULL
) ENGINE=InnoDB DEFAULT CHARSET=utf8mb4;

--
-- Truncar tablas antes de insertar `prestamos`
--

TRUNCATE TABLE `prestamos`;
-- --------------------------------------------------------

--
-- Estructura de tabla para la tabla `reportes`
--

DROP TABLE IF EXISTS `reportes`;
CREATE TABLE `reportes` (
  `id` int(11) NOT NULL,
  `fecha` datetime NOT NULL DEFAULT CURRENT_TIMESTAMP,
  `problema` varchar(255) NOT NULL,
  `id_usuario` int(11) NOT NULL,
  `id_equipo` int(11) NOT NULL,
  `id_estado` int(11) NOT NULL
) ENGINE=InnoDB DEFAULT CHARSET=utf8mb4;

--
-- Truncar tablas antes de insertar `reportes`
--

TRUNCATE TABLE `reportes`;
-- --------------------------------------------------------

--
-- Estructura de tabla para la tabla `tipos_equipos`
--

DROP TABLE IF EXISTS `tipos_equipos`;
CREATE TABLE `tipos_equipos` (
  `id` int(11) NOT NULL,
  `tipo` varchar(50) NOT NULL,
  `descripcion` varchar(255) NOT NULL
) ENGINE=InnoDB DEFAULT CHARSET=utf8mb4;

--
-- Truncar tablas antes de insertar `tipos_equipos`
--

TRUNCATE TABLE `tipos_equipos`;
--
-- Volcado de datos para la tabla `tipos_equipos`
--

INSERT INTO `tipos_equipos` (`id`, `tipo`, `descripcion`) VALUES
(1, 'PC', 'Computadora'),
(2, 'Monitor', 'Pantalla de computadora'),
(3, 'Teclado', 'Dispositivo de entrada de texto'),
(4, 'Mouse', 'Dispositivo señalador'),
(7, 'UPS', 'Fuente de respaldo de energía'),
(8, 'Caja decodificadora', 'Caja decodificadora de señal digital'),
(9, 'Laptop', 'Computadora portátil'),
(10, 'Cliente ligero', 'Computadora sin disco duro'),
(11, 'Servidor', 'Computadora que ofrece servicios de red'),
(12, 'Proyector', 'Proyector de video'),
(13, 'Base de carga', 'Base de carga para tablets'),
(14, 'Switch', 'Conmutador de paquetes de red'),
(15, 'Tableta electrónica', 'Dispositivo híbrido entre un teléfono y una laltop'),
(16, 'Televisor', 'Dispositivo para acceder a la señal de televisión'),
(17, 'APN Wi-Fi', 'Punto de Acceso Inalámbrico'),
(18, 'Speaker', 'Bocinas de computadora'),
(19, '(no especificado)', 'No está especificado claramente');

-- --------------------------------------------------------

--
-- Estructura de tabla para la tabla `usuarios`
--

DROP TABLE IF EXISTS `usuarios`;
CREATE TABLE `usuarios` (
  `id` int(11) NOT NULL,
  `usuario` varchar(20) NOT NULL,
  `nombre` varchar(50) NOT NULL,
  `clave` varchar(40) DEFAULT NULL,
  `admin` tinyint(1) NOT NULL DEFAULT 30,
  `id_local` int(11) NOT NULL
) ENGINE=InnoDB DEFAULT CHARSET=utf8mb4;

--
-- Truncar tablas antes de insertar `usuarios`
--

TRUNCATE TABLE `usuarios`;
--
-- Volcado de datos para la tabla `usuarios`
--

INSERT INTO `usuarios` (`id`, `usuario`, `nombre`, `clave`, `admin`, `id_local`) VALUES
(1, 'admin', 'Administrador general', 'd033e22ae348aeb5660fc2140aec35850c4da997', 1, 1),
(2, 'ebm', 'Enmanuel Basulto Martínez', '40bd001563085fc35165329ea1ff5c5ecbdbbeef', 1, 4),
(3, 'terrorista', 'Persona no tan mala', NULL, 0, 7),
(4, 'yaimelgl', 'Yaimel', 'd033e22ae348aeb5660fc2140aec35850c4da997', 1, 1);

--
-- Índices para tablas volcadas
--

--
-- Indices de la tabla `computadoras`
--
ALTER TABLE `computadoras`
  ADD PRIMARY KEY (`id`),
  ADD UNIQUE KEY `id_pc` (`id_pc`),
  ADD UNIQUE KEY `id_monitor` (`id_monitor`,`id_teclado`,`id_mouse`,`id_speaker`,`id_ups`),
  ADD KEY `id_local` (`id_local`,`id_pc`,`id_monitor`,`id_teclado`,`id_mouse`,`id_speaker`,`id_ups`),
  ADD KEY `id_teclado` (`id_teclado`),
  ADD KEY `id_mouse` (`id_mouse`),
  ADD KEY `id_speaker` (`id_speaker`),
  ADD KEY `id_ups` (`id_ups`);

--
-- Indices de la tabla `equipos`
--
ALTER TABLE `equipos`
  ADD PRIMARY KEY (`id`),
  ADD KEY `id_local` (`id_local`,`id_marca`,`id_tipo`,`id_estado`),
  ADD KEY `id_estado` (`id_estado`),
  ADD KEY `id_marca` (`id_marca`),
  ADD KEY `id_tipo` (`id_tipo`);

--
-- Indices de la tabla `estados_equipos`
--
ALTER TABLE `estados_equipos`
  ADD PRIMARY KEY (`id`);

--
-- Indices de la tabla `estados_prestamos`
--
ALTER TABLE `estados_prestamos`
  ADD PRIMARY KEY (`id`);

--
-- Indices de la tabla `estados_reportes`
--
ALTER TABLE `estados_reportes`
  ADD PRIMARY KEY (`id`);

--
-- Indices de la tabla `locales`
--
ALTER TABLE `locales`
  ADD PRIMARY KEY (`id`),
  ADD UNIQUE KEY `local` (`local`),
  ADD KEY `id_padre` (`id_padre`);

--
-- Indices de la tabla `logs`
--
ALTER TABLE `logs`
  ADD PRIMARY KEY (`id`),
  ADD KEY `id_usuario` (`id_usuario`);

--
-- Indices de la tabla `marcas`
--
ALTER TABLE `marcas`
  ADD PRIMARY KEY (`id`);

--
-- Indices de la tabla `mensajes`
--
ALTER TABLE `mensajes`
  ADD PRIMARY KEY (`id`),
  ADD KEY `id_usuario_origen` (`id_usuario_origen`,`id_usuario_destino`),
  ADD KEY `id_usuario_destino` (`id_usuario_destino`);

--
-- Indices de la tabla `prestamos`
--
ALTER TABLE `prestamos`
  ADD PRIMARY KEY (`id`),
  ADD KEY `id_equipo` (`id_equipo`,`id_local_dest`,`id_estado`,`id_usuario_req`,`id_usuario_auth`),
  ADD KEY `id_usuario_req` (`id_usuario_req`),
  ADD KEY `id_usuario_auth` (`id_usuario_auth`),
  ADD KEY `id_local` (`id_local_dest`),
  ADD KEY `id_estado` (`id_estado`);

--
-- Indices de la tabla `reportes`
--
ALTER TABLE `reportes`
  ADD PRIMARY KEY (`id`),
  ADD KEY `id_usuario` (`id_usuario`,`id_equipo`,`id_estado`),
  ADD KEY `id_equipo` (`id_equipo`),
  ADD KEY `id_estado` (`id_estado`);

--
-- Indices de la tabla `tipos_equipos`
--
ALTER TABLE `tipos_equipos`
  ADD PRIMARY KEY (`id`);

--
-- Indices de la tabla `usuarios`
--
ALTER TABLE `usuarios`
  ADD PRIMARY KEY (`id`),
  ADD UNIQUE KEY `usuario` (`usuario`),
  ADD KEY `id_local` (`id_local`);

--
-- AUTO_INCREMENT de las tablas volcadas
--

--
-- AUTO_INCREMENT de la tabla `computadoras`
--
ALTER TABLE `computadoras`
  MODIFY `id` int(11) NOT NULL AUTO_INCREMENT;

--
-- AUTO_INCREMENT de la tabla `equipos`
--
ALTER TABLE `equipos`
  MODIFY `id` int(11) NOT NULL AUTO_INCREMENT;

--
-- AUTO_INCREMENT de la tabla `estados_equipos`
--
ALTER TABLE `estados_equipos`
  MODIFY `id` int(11) NOT NULL AUTO_INCREMENT;

--
-- AUTO_INCREMENT de la tabla `estados_prestamos`
--
ALTER TABLE `estados_prestamos`
  MODIFY `id` int(11) NOT NULL AUTO_INCREMENT;

--
-- AUTO_INCREMENT de la tabla `estados_reportes`
--
ALTER TABLE `estados_reportes`
  MODIFY `id` int(11) NOT NULL AUTO_INCREMENT;

--
-- AUTO_INCREMENT de la tabla `locales`
--
ALTER TABLE `locales`
  MODIFY `id` int(11) NOT NULL AUTO_INCREMENT;

--
-- AUTO_INCREMENT de la tabla `logs`
--
ALTER TABLE `logs`
  MODIFY `id` int(11) NOT NULL AUTO_INCREMENT;

--
-- AUTO_INCREMENT de la tabla `marcas`
--
ALTER TABLE `marcas`
  MODIFY `id` int(11) NOT NULL AUTO_INCREMENT;

--
-- AUTO_INCREMENT de la tabla `mensajes`
--
ALTER TABLE `mensajes`
  MODIFY `id` int(11) NOT NULL AUTO_INCREMENT;

--
-- AUTO_INCREMENT de la tabla `prestamos`
--
ALTER TABLE `prestamos`
  MODIFY `id` int(11) NOT NULL AUTO_INCREMENT;

--
-- AUTO_INCREMENT de la tabla `reportes`
--
ALTER TABLE `reportes`
  MODIFY `id` int(11) NOT NULL AUTO_INCREMENT;

--
-- AUTO_INCREMENT de la tabla `tipos_equipos`
--
ALTER TABLE `tipos_equipos`
  MODIFY `id` int(11) NOT NULL AUTO_INCREMENT;

--
-- AUTO_INCREMENT de la tabla `usuarios`
--
ALTER TABLE `usuarios`
  MODIFY `id` int(11) NOT NULL AUTO_INCREMENT;

--
-- Restricciones para tablas volcadas
--

--
-- Filtros para la tabla `computadoras`
--
ALTER TABLE `computadoras`
  ADD CONSTRAINT `computadoras_ibfk_1` FOREIGN KEY (`id_local`) REFERENCES `locales` (`id`),
  ADD CONSTRAINT `computadoras_ibfk_2` FOREIGN KEY (`id_pc`) REFERENCES `equipos` (`id`),
  ADD CONSTRAINT `computadoras_ibfk_3` FOREIGN KEY (`id_monitor`) REFERENCES `equipos` (`id`),
  ADD CONSTRAINT `computadoras_ibfk_4` FOREIGN KEY (`id_teclado`) REFERENCES `equipos` (`id`),
  ADD CONSTRAINT `computadoras_ibfk_5` FOREIGN KEY (`id_mouse`) REFERENCES `equipos` (`id`),
  ADD CONSTRAINT `computadoras_ibfk_6` FOREIGN KEY (`id_speaker`) REFERENCES `equipos` (`id`),
  ADD CONSTRAINT `computadoras_ibfk_7` FOREIGN KEY (`id_ups`) REFERENCES `equipos` (`id`);

--
-- Filtros para la tabla `equipos`
--
ALTER TABLE `equipos`
  ADD CONSTRAINT `equipos_ibfk_1` FOREIGN KEY (`id_estado`) REFERENCES `estados_equipos` (`id`),
  ADD CONSTRAINT `equipos_ibfk_2` FOREIGN KEY (`id_local`) REFERENCES `locales` (`id`),
  ADD CONSTRAINT `equipos_ibfk_3` FOREIGN KEY (`id_marca`) REFERENCES `marcas` (`id`),
  ADD CONSTRAINT `equipos_ibfk_4` FOREIGN KEY (`id_tipo`) REFERENCES `tipos_equipos` (`id`);

--
-- Filtros para la tabla `locales`
--
ALTER TABLE `locales`
  ADD CONSTRAINT `locales_ibfk_1` FOREIGN KEY (`id_padre`) REFERENCES `locales` (`id`);

--
-- Filtros para la tabla `logs`
--
ALTER TABLE `logs`
  ADD CONSTRAINT `logs_ibfk_1` FOREIGN KEY (`id_usuario`) REFERENCES `usuarios` (`id`);

--
-- Filtros para la tabla `mensajes`
--
ALTER TABLE `mensajes`
  ADD CONSTRAINT `mensajes_ibfk_1` FOREIGN KEY (`id_usuario_origen`) REFERENCES `usuarios` (`id`),
  ADD CONSTRAINT `mensajes_ibfk_2` FOREIGN KEY (`id_usuario_destino`) REFERENCES `usuarios` (`id`);

--
-- Filtros para la tabla `prestamos`
--
ALTER TABLE `prestamos`
  ADD CONSTRAINT `prestamos_ibfk_1` FOREIGN KEY (`id_usuario_req`) REFERENCES `usuarios` (`id`),
  ADD CONSTRAINT `prestamos_ibfk_2` FOREIGN KEY (`id_usuario_auth`) REFERENCES `usuarios` (`id`),
  ADD CONSTRAINT `prestamos_ibfk_3` FOREIGN KEY (`id_equipo`) REFERENCES `equipos` (`id`),
  ADD CONSTRAINT `prestamos_ibfk_4` FOREIGN KEY (`id_local_dest`) REFERENCES `locales` (`id`),
  ADD CONSTRAINT `prestamos_ibfk_5` FOREIGN KEY (`id_estado`) REFERENCES `estados_prestamos` (`id`);

--
-- Filtros para la tabla `reportes`
--
ALTER TABLE `reportes`
  ADD CONSTRAINT `reportes_ibfk_1` FOREIGN KEY (`id_usuario`) REFERENCES `usuarios` (`id`),
  ADD CONSTRAINT `reportes_ibfk_2` FOREIGN KEY (`id_equipo`) REFERENCES `equipos` (`id`),
  ADD CONSTRAINT `reportes_ibfk_3` FOREIGN KEY (`id_estado`) REFERENCES `estados_reportes` (`id`);

--
-- Filtros para la tabla `usuarios`
--
ALTER TABLE `usuarios`
  ADD CONSTRAINT `usuarios_ibfk_1` FOREIGN KEY (`id_local`) REFERENCES `locales` (`id`);
COMMIT;

/*!40101 SET CHARACTER_SET_CLIENT=@OLD_CHARACTER_SET_CLIENT */;
/*!40101 SET CHARACTER_SET_RESULTS=@OLD_CHARACTER_SET_RESULTS */;
/*!40101 SET COLLATION_CONNECTION=@OLD_COLLATION_CONNECTION */;
